,pclass,sex,Age,sibsp,parch,fare,embarked,home.dest,Title,survived
0,1,0,29.0,0,0,211.3375,2,308,9,1
1,1,1,0.92,1,2,151.55,2,230,8,1
2,1,0,2.0,1,2,151.55,2,230,9,0
3,1,1,30.0,1,2,151.55,2,230,12,0
4,1,0,25.0,1,2,151.55,2,230,13,0
5,1,1,48.0,0,0,26.55,2,236,12,1
6,1,0,63.0,1,0,77.9583,2,161,9,1
7,1,1,39.0,0,0,0.0,2,23,12,0
8,1,0,53.0,2,0,51.4792,2,21,13,1
9,1,1,71.0,0,0,49.5042,0,228,12,0
10,1,1,47.0,1,0,227.525,0,236,1,0
11,1,0,18.0,1,0,227.525,0,236,13,1
12,1,0,24.0,0,0,69.3,0,257,11,1
13,1,0,26.0,0,0,78.85,2,-1,9,1
14,1,1,80.0,0,0,30.0,2,157,12,1
15,1,1,29.881137667304014,0,0,25.925,2,236,12,0
16,1,1,24.0,0,1,247.5208,0,229,12,0
17,1,0,50.0,0,1,247.5208,0,229,13,1
18,1,0,32.0,0,0,76.2917,0,-1,9,1
19,1,1,36.0,0,0,75.2417,0,362,12,0
20,1,1,37.0,1,1,52.5542,2,236,12,1
21,1,0,47.0,1,1,52.5542,2,236,13,1
22,1,1,26.0,0,0,30.0,0,236,12,1
23,1,0,42.0,0,0,227.525,0,-1,9,1
24,1,0,29.0,0,0,221.7792,2,-1,9,1
25,1,1,25.0,0,0,26.0,0,283,12,0
26,1,1,25.0,1,0,91.0792,0,97,12,1
27,1,0,19.0,1,0,91.0792,0,97,13,1
28,1,0,35.0,0,0,135.6333,2,-1,9,1
29,1,1,28.0,0,0,26.55,2,311,12,1
30,1,1,45.0,0,0,35.5,2,339,12,0
31,1,1,40.0,0,0,31.0,0,130,12,1
32,1,0,30.0,0,0,164.8667,2,367,9,1
33,1,0,58.0,0,0,26.55,2,30,9,1
34,1,1,42.0,0,0,26.55,2,207,12,0
35,1,0,45.0,0,0,262.375,0,75,9,1
36,1,0,22.0,0,1,55.0,2,307,9,1
37,1,1,29.881137667304014,0,0,26.55,2,214,12,1
38,1,1,41.0,0,0,30.5,2,267,12,0
39,1,1,48.0,0,0,50.4958,0,248,12,0
40,1,1,29.881137667304014,0,0,39.6,0,263,4,0
41,1,0,44.0,0,0,27.7208,0,91,13,1
42,1,0,59.0,2,0,51.4792,2,26,13,1
43,1,0,60.0,0,0,76.2917,0,263,13,1
44,1,0,41.0,0,0,134.5,0,-1,9,1
45,1,1,45.0,0,0,26.55,2,348,7,0
46,1,1,29.881137667304014,0,0,31.0,2,-1,12,0
47,1,1,42.0,0,0,26.2875,2,236,12,1
48,1,0,53.0,0,0,27.4458,0,348,13,1
49,1,1,36.0,0,1,512.3292,0,15,12,1
50,1,0,58.0,0,1,512.3292,0,127,13,1
51,1,1,33.0,0,0,5.0,2,236,12,0
52,1,1,28.0,0,0,47.1,2,228,12,0
53,1,1,17.0,0,0,47.1,2,228,12,0
54,1,1,11.0,1,2,120.0,2,51,8,1
55,1,0,14.0,1,2,120.0,2,51,9,1
56,1,1,36.0,1,2,120.0,2,51,12,1
57,1,0,36.0,1,2,120.0,2,51,13,1
58,1,1,49.0,0,0,26.0,2,8,12,0
59,1,0,29.881137667304014,0,0,27.7208,0,236,13,1
60,1,1,36.0,1,0,78.85,2,191,12,0
61,1,0,76.0,1,0,78.85,2,191,13,1
62,1,1,46.0,1,0,61.175,2,4,12,0
63,1,0,47.0,1,0,61.175,2,4,13,1
64,1,1,27.0,1,0,53.1,2,240,12,1
65,1,0,33.0,1,0,53.1,2,240,13,1
66,1,0,36.0,0,0,262.375,0,-1,9,1
67,1,0,30.0,0,0,86.5,2,211,9,1
68,1,1,45.0,0,0,29.7,0,257,12,1
69,1,0,29.881137667304014,0,1,55.0,2,307,13,1
70,1,1,29.881137667304014,0,0,0.0,2,194,12,0
71,1,1,27.0,1,0,136.7792,0,214,12,0
72,1,0,26.0,1,0,136.7792,0,214,13,1
73,1,0,22.0,0,0,151.55,2,-1,9,1
74,1,1,29.881137667304014,0,0,52.0,2,313,12,0
75,1,1,47.0,0,0,25.5875,2,345,12,0
76,1,0,39.0,1,1,83.1583,0,188,9,1
77,1,1,37.0,1,1,83.1583,0,188,12,0
78,1,0,64.0,0,2,83.1583,0,188,13,1
79,1,0,55.0,2,0,25.7,2,236,13,1
80,1,1,29.881137667304014,0,0,26.55,2,274,12,0
81,1,1,70.0,1,1,71.0,2,226,0,0
82,1,0,36.0,0,2,71.0,2,226,9,1
83,1,0,64.0,1,1,26.55,2,226,13,1
84,1,1,39.0,1,0,71.2833,0,236,12,0
85,1,0,38.0,1,0,71.2833,0,236,13,1
86,1,1,51.0,0,0,26.55,2,190,12,1
87,1,1,27.0,0,0,30.5,2,263,12,1
88,1,0,33.0,0,0,151.55,2,-1,9,1
89,1,1,31.0,1,0,52.0,2,229,12,0
90,1,0,27.0,1,2,52.0,2,229,13,1
91,1,1,31.0,1,0,57.0,2,57,12,1
92,1,0,17.0,1,0,57.0,2,57,13,1
93,1,1,53.0,1,1,81.8583,2,283,4,1
94,1,1,4.0,0,2,81.8583,2,283,8,1
95,1,0,54.0,1,1,81.8583,2,283,13,1
96,1,1,50.0,1,0,106.425,0,87,12,0
97,1,0,27.0,1,1,247.5208,0,229,13,1
98,1,0,48.0,1,0,106.425,0,87,13,1
99,1,0,48.0,1,0,39.6,0,205,6,1
100,1,1,49.0,1,0,56.9292,0,205,16,1
101,1,1,39.0,0,0,29.7,0,263,12,0
102,1,0,23.0,0,1,83.1583,0,232,13,1
103,1,0,38.0,0,0,227.525,0,236,9,1
104,1,0,54.0,1,0,78.2667,0,47,9,1
105,1,0,36.0,0,0,31.6792,0,236,9,0
106,1,1,29.881137667304014,0,0,221.7792,2,-1,12,0
107,1,0,29.881137667304014,0,0,31.6833,2,236,13,1
108,1,0,29.881137667304014,0,0,110.8833,0,-1,9,1
109,1,1,36.0,0,0,26.3875,2,48,12,1
110,1,1,30.0,0,0,27.75,0,236,12,0
111,1,0,24.0,3,2,263.0,2,361,9,1
112,1,0,28.0,3,2,263.0,2,361,9,1
113,1,0,23.0,3,2,263.0,2,361,9,1
114,1,1,19.0,3,2,263.0,2,361,12,0
115,1,1,64.0,1,4,263.0,2,361,12,0
116,1,0,60.0,1,4,263.0,2,361,13,1
117,1,0,30.0,0,0,56.9292,0,-1,9,1
118,1,1,29.881137667304014,0,0,26.55,2,355,12,0
119,1,1,50.0,2,0,133.65,2,236,4,1
120,1,1,43.0,1,0,27.7208,0,236,12,1
121,1,0,29.881137667304014,1,0,133.65,2,236,13,1
122,1,0,22.0,0,2,49.5,0,368,9,1
123,1,1,60.0,1,1,79.2,0,368,12,1
124,1,0,48.0,1,1,79.2,0,368,13,1
125,1,1,29.881137667304014,0,0,0.0,2,-1,12,0
126,1,1,37.0,1,0,53.1,2,286,12,0
127,1,0,35.0,1,0,53.1,2,286,13,1
128,1,1,47.0,0,0,38.5,2,300,12,0
129,1,0,35.0,0,0,211.5,0,-1,9,1
130,1,0,22.0,0,1,59.4,0,236,9,1
131,1,0,45.0,0,1,59.4,0,236,13,1
132,1,1,24.0,0,0,79.2,0,-1,12,0
133,1,1,49.0,1,0,89.1042,0,258,12,1
134,1,0,29.881137667304014,1,0,89.1042,0,258,13,1
135,1,1,71.0,0,0,34.6542,0,236,12,0
136,1,1,53.0,0,0,28.5,0,348,1,1
137,1,0,19.0,0,0,30.0,2,137,9,1
138,1,1,38.0,0,1,153.4625,2,361,12,0
139,1,0,58.0,0,1,153.4625,2,137,13,1
140,1,1,23.0,0,1,63.3583,0,236,12,1
141,1,0,45.0,0,1,63.3583,0,236,13,1
142,1,1,46.0,0,0,79.2,0,236,12,0
143,1,1,25.0,1,0,55.4417,0,48,12,1
144,1,0,25.0,1,0,55.4417,0,48,13,1
145,1,1,48.0,1,0,76.7292,0,236,12,1
146,1,0,49.0,1,0,76.7292,0,236,13,1
147,1,1,29.881137667304014,0,0,42.4,2,-1,12,0
148,1,1,45.0,1,0,83.475,2,236,12,0
149,1,0,35.0,1,0,83.475,2,236,13,1
150,1,1,40.0,0,0,0.0,2,-1,12,0
151,1,1,27.0,0,0,76.7292,0,-1,12,1
152,1,1,29.881137667304014,0,0,30.0,2,181,12,1
153,1,0,24.0,0,0,83.1583,0,236,9,1
154,1,1,55.0,1,1,93.5,2,229,12,0
155,1,0,52.0,1,1,93.5,2,229,13,1
156,1,1,42.0,0,0,42.5,2,202,12,0
157,1,1,29.881137667304014,0,0,51.8625,2,39,12,0
158,1,1,55.0,0,0,50.0,2,199,12,0
159,1,0,16.0,0,1,57.9792,0,62,9,1
160,1,0,44.0,0,1,57.9792,0,62,13,1
161,1,0,51.0,1,0,77.9583,2,161,13,1
162,1,1,42.0,1,0,52.0,2,236,12,0
163,1,0,35.0,1,0,52.0,2,236,13,1
164,1,1,35.0,0,0,26.55,0,168,12,1
165,1,1,38.0,1,0,90.0,2,237,12,1
166,1,1,29.881137667304014,0,0,30.6958,0,236,12,0
167,1,0,35.0,1,0,90.0,2,237,13,1
168,1,0,38.0,0,0,80.0,2,-1,9,1
169,1,0,50.0,0,0,28.7125,0,259,9,0
170,1,1,49.0,0,0,0.0,2,192,12,1
171,1,1,46.0,0,0,26.0,2,27,12,0
172,1,1,50.0,0,0,26.0,2,196,12,0
173,1,1,32.5,0,0,211.5,0,-1,12,0
174,1,1,58.0,0,0,29.7,0,54,12,0
175,1,1,41.0,1,0,51.8625,2,294,12,0
176,1,0,29.881137667304014,1,0,51.8625,2,294,13,1
177,1,1,42.0,1,0,52.5542,2,32,12,1
178,1,0,45.0,1,0,52.5542,2,32,13,1
179,1,1,29.881137667304014,0,0,26.55,2,269,12,0
180,1,0,39.0,0,0,211.3375,2,-1,9,1
181,1,0,49.0,0,0,25.9292,2,236,4,1
182,1,0,30.0,0,0,106.425,0,-1,9,1
183,1,1,35.0,0,0,512.3292,0,-1,12,1
184,1,1,29.881137667304014,0,0,27.7208,0,62,12,0
185,1,1,42.0,0,0,26.55,2,310,12,0
186,1,0,55.0,0,0,27.7208,0,310,13,1
187,1,0,16.0,0,1,39.4,2,257,9,1
188,1,0,51.0,0,1,39.4,2,257,13,1
189,1,1,29.0,0,0,30.0,2,298,12,0
190,1,0,21.0,0,0,77.9583,2,161,9,1
191,1,1,30.0,0,0,45.5,2,204,12,0
192,1,0,58.0,0,0,146.5208,0,-1,9,1
193,1,0,15.0,0,1,211.3375,2,308,9,1
194,1,1,30.0,0,0,26.0,2,44,12,0
195,1,0,16.0,0,0,86.5,2,-1,9,1
196,1,1,29.881137667304014,0,0,29.7,0,257,12,1
197,1,1,19.0,1,0,53.1,2,236,12,0
198,1,0,18.0,1,0,53.1,2,236,13,1
199,1,0,24.0,0,0,49.5042,0,24,10,1
200,1,1,46.0,0,0,75.2417,0,344,12,0
201,1,1,54.0,0,0,51.8625,2,95,12,0
202,1,1,36.0,0,0,26.2875,2,263,12,1
203,1,1,28.0,1,0,82.1708,0,236,12,0
204,1,0,29.881137667304014,1,0,82.1708,0,236,13,1
205,1,1,65.0,0,0,26.55,2,99,12,0
206,1,1,44.0,2,0,90.0,1,122,4,0
207,1,0,33.0,1,0,90.0,1,134,9,1
208,1,0,37.0,1,0,90.0,1,122,13,1
209,1,1,30.0,1,0,57.75,0,236,12,1
210,1,1,55.0,0,0,30.5,2,229,12,0
211,1,1,47.0,0,0,42.4,2,348,12,0
212,1,1,37.0,0,1,29.7,0,48,12,0
213,1,0,31.0,1,0,113.275,0,189,9,1
214,1,0,23.0,1,0,113.275,0,189,9,1
215,1,1,58.0,0,2,113.275,0,189,12,0
216,1,0,19.0,0,2,26.2833,2,236,9,1
217,1,1,64.0,0,0,26.0,2,174,12,0
218,1,0,39.0,0,0,108.9,0,-1,3,1
219,1,1,29.881137667304014,0,0,25.7417,0,257,12,1
220,1,0,22.0,0,1,61.9792,0,272,9,1
221,1,1,65.0,0,1,61.9792,0,272,12,0
222,1,1,28.5,0,0,27.7208,0,0,12,0
223,1,1,29.881137667304014,0,0,0.0,2,22,12,0
224,1,1,45.5,0,0,28.5,2,316,12,0
225,1,1,23.0,0,0,93.5,2,229,12,0
226,1,1,29.0,1,0,66.6,2,175,12,0
227,1,0,22.0,1,0,66.6,2,175,13,1
228,1,1,18.0,1,0,108.9,0,218,12,0
229,1,0,17.0,1,0,108.9,0,218,13,1
230,1,0,30.0,0,0,93.5,2,-1,9,1
231,1,1,52.0,0,0,30.5,2,336,7,1
232,1,1,47.0,0,0,52.0,2,365,12,0
233,1,0,56.0,0,1,83.1583,0,232,13,1
234,1,1,38.0,0,0,0.0,2,277,5,0
235,1,1,29.881137667304014,0,0,39.6,2,254,12,1
236,1,1,22.0,0,0,135.6333,0,-1,12,0
237,1,1,29.881137667304014,0,0,227.525,0,-1,12,0
238,1,0,43.0,0,1,211.3375,2,308,13,1
239,1,1,31.0,0,0,50.4958,2,339,12,0
240,1,1,45.0,0,0,26.55,2,236,12,1
241,1,1,29.881137667304014,0,0,50.0,2,287,12,0
242,1,0,33.0,0,0,27.7208,0,257,9,1
243,1,1,46.0,0,0,79.2,0,236,12,0
244,1,1,36.0,0,0,40.125,0,361,12,0
245,1,0,33.0,0,0,86.5,2,197,17,1
246,1,1,55.0,1,0,59.4,0,236,12,0
247,1,0,54.0,1,0,59.4,0,236,13,1
248,1,1,33.0,0,0,26.55,2,196,12,0
249,1,1,13.0,2,2,262.375,0,155,8,1
250,1,0,18.0,2,2,262.375,0,155,9,1
251,1,0,21.0,2,2,262.375,0,155,9,1
252,1,1,61.0,1,3,262.375,0,155,12,0
253,1,0,48.0,1,3,262.375,0,155,13,1
254,1,1,29.881137667304014,0,0,30.5,2,220,12,1
255,1,0,24.0,0,0,69.3,0,-1,10,1
256,1,1,29.881137667304014,0,0,26.0,2,236,12,1
257,1,0,35.0,1,0,57.75,0,236,13,1
258,1,0,30.0,0,0,31.0,0,-1,9,1
259,1,1,34.0,0,0,26.55,2,236,12,1
260,1,0,40.0,0,0,153.4625,2,239,9,1
261,1,1,35.0,0,0,26.2875,2,308,12,1
262,1,1,50.0,1,0,55.9,2,98,12,0
263,1,0,39.0,1,0,55.9,2,98,13,1
264,1,1,56.0,0,0,35.5,0,19,1,1
265,1,1,28.0,0,0,35.5,2,234,12,1
266,1,1,56.0,0,0,26.55,2,236,12,0
267,1,1,56.0,0,0,30.6958,0,306,12,0
268,1,1,24.0,1,0,60.0,2,162,12,0
269,1,1,29.881137667304014,0,0,26.0,2,314,12,0
270,1,0,18.0,1,0,60.0,2,162,13,1
271,1,1,24.0,1,0,82.2667,2,227,12,1
272,1,0,23.0,1,0,82.2667,2,227,13,1
273,1,1,6.0,0,2,134.5,0,340,8,1
274,1,1,45.0,1,1,134.5,0,340,12,1
275,1,0,40.0,1,1,134.5,0,340,13,1
276,1,1,57.0,1,0,146.5208,0,257,12,0
277,1,0,29.881137667304014,1,0,146.5208,0,257,13,1
278,1,1,32.0,0,0,30.5,0,19,4,1
279,1,1,62.0,0,0,26.55,2,359,12,0
280,1,1,54.0,1,0,55.4417,0,242,12,1
281,1,0,43.0,1,0,55.4417,0,242,13,1
282,1,0,52.0,1,0,78.2667,0,154,13,1
283,1,1,29.881137667304014,0,0,27.7208,0,125,12,0
284,1,0,62.0,0,0,80.0,2,63,13,1
285,1,1,67.0,1,0,221.7792,2,236,12,0
286,1,0,63.0,1,0,221.7792,2,236,13,0
287,1,1,61.0,0,0,32.3208,2,145,12,0
288,1,0,48.0,0,0,25.9292,2,48,13,1
289,1,0,18.0,0,2,79.65,2,236,9,1
290,1,1,52.0,1,1,79.65,2,236,12,0
291,1,0,39.0,1,1,79.65,2,236,13,1
292,1,1,48.0,1,0,52.0,2,198,12,1
293,1,0,29.881137667304014,1,0,52.0,2,198,13,1
294,1,1,49.0,1,1,110.8833,0,154,12,0
295,1,1,17.0,0,2,110.8833,0,154,12,1
296,1,0,39.0,1,1,110.8833,0,154,13,1
297,1,0,29.881137667304014,0,0,79.2,0,236,13,1
298,1,1,31.0,0,0,28.5375,0,2,12,1
299,1,1,40.0,0,0,27.7208,0,223,2,0
300,1,1,61.0,0,0,33.5,2,48,12,0
301,1,1,47.0,0,0,34.0208,2,100,12,0
302,1,0,35.0,0,0,512.3292,0,-1,9,1
303,1,1,64.0,1,0,75.25,0,269,12,0
304,1,0,60.0,1,0,75.25,0,269,13,1
305,1,1,60.0,0,0,26.55,2,117,1,0
306,1,1,54.0,0,1,77.2875,2,50,12,0
307,1,1,21.0,0,1,77.2875,2,50,12,0
308,1,0,55.0,0,0,135.6333,0,238,13,1
309,1,0,31.0,0,2,164.8667,2,367,9,1
310,1,1,57.0,1,1,164.8667,2,367,12,0
311,1,0,45.0,1,1,164.8667,2,367,13,1
312,1,1,50.0,1,1,211.5,0,104,12,0
313,1,1,27.0,0,2,211.5,0,104,12,0
314,1,0,50.0,1,1,211.5,0,104,13,1
315,1,0,21.0,0,0,26.55,2,98,9,1
316,1,1,51.0,0,1,61.3792,0,126,12,0
317,1,1,21.0,0,1,61.3792,0,126,12,1
318,1,1,29.881137667304014,0,0,35.0,2,211,12,0
319,1,0,31.0,0,0,134.5,0,-1,9,1
320,1,1,29.881137667304014,0,0,35.5,2,211,12,1
321,1,1,62.0,0,0,26.55,2,147,12,0
322,1,0,36.0,0,0,135.6333,0,241,9,1
323,2,1,30.0,1,0,24.0,0,281,12,0
324,2,0,28.0,1,0,24.0,0,281,13,1
325,2,1,30.0,0,0,13.0,2,52,12,0
326,2,1,18.0,0,0,11.5,2,53,12,0
327,2,1,25.0,0,0,10.5,2,84,12,0
328,2,1,34.0,1,0,26.0,2,347,12,0
329,2,0,36.0,1,0,26.0,2,347,13,1
330,2,1,57.0,0,0,13.0,2,353,12,0
331,2,1,18.0,0,0,11.5,2,261,12,0
332,2,1,23.0,0,0,10.5,2,138,12,0
333,2,0,36.0,0,0,13.0,2,41,13,1
334,2,1,28.0,0,0,10.5,2,265,12,0
335,2,1,51.0,0,0,12.525,2,177,15,0
336,2,1,32.0,1,0,26.0,2,247,12,1
337,2,0,19.0,1,0,26.0,2,247,13,1
338,2,1,28.0,0,0,26.0,2,106,12,0
339,2,1,1.0,2,1,39.0,2,144,8,1
340,2,0,4.0,2,1,39.0,2,144,9,1
341,2,0,12.0,2,1,39.0,2,144,9,1
342,2,0,36.0,0,3,39.0,2,144,13,1
343,2,1,34.0,0,0,13.0,2,196,12,1
344,2,0,19.0,0,0,13.0,2,275,9,1
345,2,1,23.0,0,0,13.0,2,303,12,0
346,2,1,26.0,0,0,13.0,2,105,12,0
347,2,1,42.0,0,0,13.0,2,196,12,0
348,2,1,27.0,0,0,13.0,2,187,12,0
349,2,0,24.0,0,0,13.0,2,203,9,1
350,2,0,15.0,0,2,39.0,2,59,9,1
351,2,1,60.0,1,1,39.0,2,59,12,0
352,2,0,40.0,1,1,39.0,2,59,13,1
353,2,0,20.0,1,0,26.0,2,290,9,1
354,2,1,25.0,1,0,26.0,2,290,12,0
355,2,0,36.0,0,0,13.0,2,289,9,1
356,2,1,25.0,0,0,13.0,2,295,12,0
357,2,1,42.0,0,0,13.0,2,196,15,0
358,2,0,42.0,0,0,13.0,2,236,13,1
359,2,1,0.83,0,2,29.0,2,16,8,1
360,2,1,26.0,1,1,29.0,2,16,12,1
361,2,0,22.0,1,1,29.0,2,16,13,1
362,2,0,35.0,0,0,21.0,2,219,9,1
363,2,1,29.881137667304014,0,0,0.0,2,22,12,0
364,2,1,19.0,0,0,13.0,2,303,12,0
365,2,0,44.0,1,0,26.0,2,196,13,0
366,2,1,54.0,1,0,26.0,2,196,15,0
367,2,1,52.0,0,0,13.5,2,46,12,0
368,2,1,37.0,1,0,26.0,2,83,12,0
369,2,0,29.0,1,0,26.0,2,83,13,0
370,2,0,25.0,1,1,30.0,2,196,9,1
371,2,0,45.0,0,2,30.0,2,196,13,1
372,2,1,29.0,1,0,26.0,2,112,12,0
373,2,0,28.0,1,0,26.0,2,112,13,1
374,2,1,29.0,0,0,10.5,2,153,12,0
375,2,1,28.0,0,0,13.0,2,156,12,0
376,2,1,24.0,0,0,10.5,2,201,12,1
377,2,0,8.0,0,2,26.25,2,31,9,1
378,2,1,31.0,1,1,26.25,2,31,12,0
379,2,0,31.0,1,1,26.25,2,31,13,1
380,2,0,22.0,0,0,10.5,2,260,13,1
381,2,0,30.0,0,0,13.0,2,273,13,0
382,2,0,29.881137667304014,0,0,21.0,2,342,13,0
383,2,1,21.0,0,0,11.5,2,261,12,0
384,2,1,29.881137667304014,0,0,0.0,2,22,12,0
385,2,1,8.0,1,1,36.75,2,304,8,1
386,2,1,18.0,0,0,73.5,2,217,12,0
387,2,0,48.0,0,2,36.75,2,304,13,1
388,2,0,28.0,0,0,13.0,2,206,9,1
389,2,1,32.0,0,0,13.0,2,271,12,0
390,2,1,17.0,0,0,73.5,2,-1,12,0
391,2,1,29.0,1,0,27.7208,0,216,12,0
392,2,0,24.0,1,0,27.7208,0,216,13,1
393,2,1,25.0,0,0,31.5,2,139,12,0
394,2,1,18.0,0,0,73.5,2,235,12,0
395,2,0,18.0,0,1,23.0,2,292,9,1
396,2,0,34.0,0,1,23.0,2,292,13,1
397,2,1,54.0,0,0,26.0,2,158,12,0
398,2,1,8.0,0,2,32.5,2,135,8,1
399,2,1,42.0,1,1,32.5,2,135,12,0
400,2,0,34.0,1,1,32.5,2,135,13,1
401,2,0,27.0,1,0,13.8583,0,17,9,1
402,2,0,30.0,1,0,13.8583,0,17,9,1
403,2,1,23.0,0,0,13.0,2,108,12,0
404,2,1,21.0,0,0,13.0,2,131,12,0
405,2,1,18.0,0,0,13.0,2,250,12,0
406,2,1,40.0,1,0,26.0,2,110,12,0
407,2,0,29.0,1,0,26.0,2,-1,13,1
408,2,1,18.0,0,0,10.5,2,82,12,0
409,2,1,36.0,0,0,13.0,2,275,12,0
410,2,1,29.881137667304014,0,0,0.0,2,22,12,0
411,2,0,38.0,0,0,13.0,2,178,9,0
412,2,1,35.0,0,0,26.0,2,193,12,0
413,2,1,38.0,1,0,21.0,2,80,12,0
414,2,1,34.0,1,0,21.0,2,80,12,0
415,2,0,34.0,0,0,13.0,2,48,9,1
416,2,1,16.0,0,0,26.0,2,193,12,0
417,2,1,26.0,0,0,10.5,2,139,12,0
418,2,1,47.0,0,0,10.5,2,77,12,0
419,2,1,21.0,1,0,11.5,2,79,12,0
420,2,1,21.0,1,0,11.5,2,79,12,0
421,2,1,24.0,0,0,13.5,2,354,12,0
422,2,1,24.0,0,0,13.0,2,64,12,0
423,2,1,34.0,0,0,13.0,2,344,12,0
424,2,1,30.0,0,0,13.0,2,-1,12,0
425,2,1,52.0,0,0,13.0,2,46,12,0
426,2,1,30.0,0,0,13.0,2,9,12,0
427,2,1,0.67,1,1,14.5,2,92,8,1
428,2,0,24.0,0,2,14.5,2,92,13,1
429,2,1,44.0,0,0,13.0,2,288,12,0
430,2,0,6.0,0,1,33.0,2,90,9,1
431,2,1,28.0,0,1,33.0,2,90,15,0
432,2,1,62.0,0,0,10.5,2,196,12,1
433,2,1,30.0,0,0,10.5,2,346,12,0
434,2,0,7.0,0,2,26.25,2,163,9,1
435,2,1,43.0,1,1,26.25,2,163,12,0
436,2,0,45.0,1,1,26.25,2,163,13,1
437,2,0,24.0,1,2,65.0,2,291,9,1
438,2,0,24.0,1,2,65.0,2,291,9,1
439,2,1,49.0,1,2,65.0,2,291,12,0
440,2,0,48.0,1,2,65.0,2,291,13,1
441,2,0,55.0,0,0,16.0,2,167,13,1
442,2,1,24.0,2,0,73.5,2,351,12,0
443,2,1,32.0,2,0,73.5,2,351,12,0
444,2,1,21.0,2,0,73.5,2,351,12,0
445,2,0,18.0,1,1,13.0,2,184,9,0
446,2,0,20.0,2,1,23.0,2,78,9,1
447,2,1,23.0,2,1,11.5,2,78,12,0
448,2,1,36.0,0,0,13.0,2,94,12,0
449,2,0,54.0,1,3,23.0,2,78,13,1
450,2,1,50.0,0,0,13.0,2,292,12,0
451,2,1,44.0,1,0,26.0,2,111,12,0
452,2,0,29.0,1,0,26.0,2,111,13,1
453,2,1,21.0,0,0,73.5,2,235,12,0
454,2,1,42.0,0,0,13.0,2,335,12,1
455,2,1,63.0,1,0,26.0,2,324,12,0
456,2,0,60.0,1,0,26.0,2,324,13,0
457,2,1,33.0,0,0,12.275,2,263,12,0
458,2,0,17.0,0,0,10.5,2,138,9,1
459,2,1,42.0,1,0,27.0,2,196,12,0
460,2,0,24.0,2,1,27.0,2,196,13,1
461,2,1,47.0,0,0,15.0,2,245,12,0
462,2,1,24.0,2,0,31.5,2,139,12,0
463,2,1,22.0,2,0,31.5,2,139,12,0
464,2,1,32.0,0,0,10.5,2,305,12,0
465,2,0,23.0,0,0,13.7917,0,236,13,1
466,2,1,34.0,1,0,26.0,2,231,12,0
467,2,0,24.0,1,0,26.0,2,231,13,1
468,2,0,22.0,0,0,21.0,2,166,13,0
469,2,0,29.881137667304014,0,0,12.35,1,149,9,1
470,2,1,35.0,0,0,12.35,1,-1,12,0
471,2,0,45.0,0,0,13.5,2,204,13,1
472,2,1,57.0,0,0,12.35,1,129,15,0
473,2,1,29.881137667304014,0,0,0.0,2,22,12,0
474,2,1,31.0,0,0,10.5,2,318,12,0
475,2,0,26.0,1,1,26.0,2,227,13,0
476,2,1,30.0,1,1,26.0,2,227,15,0
477,2,1,29.881137667304014,0,0,10.7083,1,-1,12,0
478,2,0,1.0,1,2,41.5792,0,255,9,1
479,2,0,3.0,1,2,41.5792,0,255,9,1
480,2,1,25.0,1,2,41.5792,0,255,12,0
481,2,0,22.0,1,2,41.5792,0,255,13,1
482,2,0,17.0,0,0,12.0,0,29,9,1
483,2,0,29.881137667304014,0,0,33.0,2,200,9,1
484,2,0,34.0,0,0,10.5,2,62,13,1
485,2,1,36.0,0,0,12.875,0,229,12,0
486,2,1,24.0,0,0,10.5,2,-1,12,0
487,2,1,61.0,0,0,12.35,1,-1,12,0
488,2,1,50.0,1,0,26.0,2,357,12,0
489,2,0,42.0,1,0,26.0,2,357,13,1
490,2,0,57.0,0,0,10.5,2,293,13,0
491,2,1,29.881137667304014,0,0,15.0458,0,253,12,0
492,2,1,1.0,0,2,37.0042,0,256,8,1
493,2,1,31.0,1,1,37.0042,0,256,12,0
494,2,0,24.0,1,1,37.0042,0,256,13,1
495,2,1,29.881137667304014,0,0,15.5792,0,236,12,0
496,2,1,30.0,0,0,13.0,2,301,12,0
497,2,1,40.0,0,0,16.0,2,356,12,0
498,2,1,32.0,0,0,13.5,2,325,12,0
499,2,1,30.0,0,0,13.0,2,284,12,0
500,2,1,46.0,0,0,26.0,2,275,12,0
501,2,0,13.0,0,1,19.5,2,107,9,1
502,2,0,41.0,0,1,19.5,2,107,13,1
503,2,1,19.0,0,0,10.5,2,61,12,1
504,2,1,39.0,0,0,13.0,2,151,12,0
505,2,1,48.0,0,0,13.0,2,76,12,0
506,2,1,70.0,0,0,10.5,2,140,12,0
507,2,1,27.0,0,0,13.0,2,365,15,0
508,2,1,54.0,0,0,14.0,2,124,4,0
509,2,1,39.0,0,0,26.0,2,-1,12,0
510,2,1,16.0,0,0,10.5,2,146,12,0
511,2,1,62.0,0,0,9.6875,1,58,12,0
512,2,1,32.5,1,0,30.0708,0,236,12,0
513,2,0,14.0,1,0,30.0708,0,236,13,1
514,2,1,2.0,1,1,26.0,2,243,8,1
515,2,1,3.0,1,1,26.0,2,243,8,1
516,2,1,36.5,0,2,26.0,2,243,12,0
517,2,1,26.0,0,0,13.0,2,32,12,0
518,2,1,19.0,1,1,36.75,2,81,12,0
519,2,1,28.0,0,0,13.5,2,128,12,0
520,2,1,20.0,0,0,13.8625,0,73,12,1
521,2,0,29.0,0,0,10.5,2,121,13,1
522,2,1,39.0,0,0,13.0,2,224,12,0
523,2,1,22.0,0,0,10.5,2,268,12,1
524,2,1,29.881137667304014,0,0,13.8625,0,297,12,1
525,2,1,23.0,0,0,10.5,2,148,4,0
526,2,1,29.0,0,0,13.8583,0,297,12,1
527,2,1,28.0,0,0,10.5,2,299,12,0
528,2,1,29.881137667304014,0,0,0.0,2,22,12,0
529,2,0,50.0,0,1,26.0,2,363,13,1
530,2,1,19.0,0,0,10.5,2,143,12,0
531,2,1,29.881137667304014,0,0,15.05,0,-1,12,0
532,2,1,41.0,0,0,13.0,2,-1,15,0
533,2,0,21.0,0,1,21.0,2,164,9,1
534,2,0,19.0,0,0,26.0,2,364,9,1
535,2,1,43.0,0,1,21.0,2,164,12,0
536,2,0,32.0,0,0,13.0,2,280,13,1
537,2,1,34.0,0,0,13.0,2,89,12,0
538,2,1,30.0,0,0,12.7375,0,225,12,1
539,2,1,27.0,0,0,15.0333,0,253,12,0
540,2,0,2.0,1,1,26.0,2,264,9,1
541,2,0,8.0,1,1,26.0,2,264,9,1
542,2,0,33.0,0,2,26.0,2,264,13,1
543,2,1,36.0,0,0,10.5,2,40,12,0
544,2,1,34.0,1,0,21.0,2,103,12,0
545,2,0,30.0,3,0,21.0,2,103,13,1
546,2,0,28.0,0,0,13.0,2,296,14,1
547,2,1,23.0,0,0,15.0458,0,256,12,0
548,2,1,0.83,1,1,18.75,2,78,8,1
549,2,1,3.0,1,1,18.75,2,78,8,1
550,2,0,24.0,2,3,18.75,2,78,13,1
551,2,0,50.0,0,0,10.5,2,212,9,1
552,2,1,19.0,0,0,10.5,2,-1,12,0
553,2,0,21.0,0,0,10.5,2,141,9,1
554,2,1,26.0,0,0,13.0,2,242,12,0
555,2,1,25.0,0,0,13.0,2,192,12,0
556,2,1,27.0,0,0,26.0,2,160,12,0
557,2,0,25.0,0,1,26.0,2,88,13,1
558,2,0,18.0,0,2,13.0,2,118,9,1
559,2,0,20.0,0,0,36.75,2,81,9,1
560,2,0,30.0,0,0,13.0,2,119,9,1
561,2,1,59.0,0,0,13.5,2,285,12,0
562,2,0,30.0,0,0,12.35,1,147,9,1
563,2,1,35.0,0,0,10.5,2,77,12,0
564,2,0,40.0,0,0,13.0,2,-1,9,1
565,2,1,25.0,0,0,13.0,2,82,12,0
566,2,1,41.0,0,0,15.0458,0,236,12,0
567,2,1,25.0,0,0,10.5,2,60,12,0
568,2,1,18.5,0,0,13.0,2,-1,12,0
569,2,1,14.0,0,0,65.0,2,291,12,0
570,2,0,50.0,0,0,10.5,2,168,9,1
571,2,1,23.0,0,0,13.0,2,-1,12,0
572,2,0,28.0,0,0,12.65,2,74,13,1
573,2,0,27.0,0,0,10.5,2,20,9,1
574,2,1,29.0,1,0,21.0,2,266,12,0
575,2,0,27.0,1,0,21.0,2,266,13,0
576,2,1,40.0,0,0,13.0,2,18,12,0
577,2,0,31.0,0,0,21.0,2,219,9,1
578,2,1,30.0,1,0,21.0,2,42,12,0
579,2,1,23.0,1,0,10.5,2,-1,12,0
580,2,0,31.0,0,0,21.0,2,42,13,1
581,2,1,29.881137667304014,0,0,0.0,2,22,12,0
582,2,0,12.0,0,0,15.75,2,1,9,1
583,2,0,40.0,0,0,15.75,2,1,13,1
584,2,0,32.5,0,0,13.0,2,109,9,1
585,2,1,27.0,1,0,26.0,2,45,12,0
586,2,0,29.0,1,0,26.0,2,45,13,1
587,2,1,2.0,1,1,23.0,2,78,8,1
588,2,0,4.0,1,1,23.0,2,78,9,1
589,2,0,29.0,0,2,23.0,2,78,13,1
590,2,0,0.92,1,2,27.75,2,35,9,1
591,2,0,5.0,1,2,27.75,2,35,9,1
592,2,1,36.0,1,2,27.75,2,35,12,0
593,2,0,33.0,1,2,27.75,2,35,13,1
594,2,1,66.0,0,0,10.5,2,142,12,0
595,2,1,29.881137667304014,0,0,12.875,2,-1,12,0
596,2,1,31.0,0,0,13.0,2,211,12,1
597,2,1,29.881137667304014,0,0,13.0,2,150,12,1
598,2,0,26.0,0,0,13.5,2,366,9,1
599,2,0,24.0,0,0,13.0,2,253,9,0
600,3,1,42.0,0,0,7.55,2,-1,12,0
601,3,1,13.0,0,2,20.25,2,101,8,0
602,3,1,16.0,1,1,20.25,2,101,12,0
603,3,0,35.0,1,1,20.25,2,101,13,1
604,3,0,16.0,0,0,7.65,2,246,9,1
605,3,1,25.0,0,0,7.65,2,262,12,1
606,3,1,20.0,0,0,7.925,2,332,12,1
607,3,0,18.0,0,0,7.2292,0,136,13,1
608,3,1,30.0,0,0,7.25,2,7,12,0
609,3,1,26.0,0,0,8.05,2,33,12,0
610,3,0,40.0,1,0,9.475,2,319,13,0
611,3,1,0.83,0,1,9.35,2,213,8,1
612,3,0,18.0,0,1,9.35,2,213,13,1
613,3,1,26.0,0,0,18.7875,0,327,12,1
614,3,1,26.0,0,0,7.8875,2,113,12,0
615,3,1,20.0,0,0,7.925,2,282,12,0
616,3,1,24.0,0,0,7.05,2,-1,12,0
617,3,1,25.0,0,0,7.05,2,6,12,0
618,3,1,35.0,0,0,8.05,2,215,12,0
619,3,1,18.0,0,0,8.3,2,360,12,0
620,3,1,32.0,0,0,22.525,2,28,12,0
621,3,0,19.0,1,0,7.8542,2,-1,9,1
622,3,1,4.0,4,2,31.275,2,322,8,0
623,3,0,6.0,4,2,31.275,2,322,9,0
624,3,0,2.0,4,2,31.275,2,322,9,0
625,3,0,17.0,4,2,7.925,2,278,9,1
626,3,0,38.0,4,2,7.775,2,343,9,0
627,3,0,9.0,4,2,31.275,2,322,9,0
628,3,0,11.0,4,2,31.275,2,322,9,0
629,3,1,39.0,1,5,31.275,2,322,12,0
630,3,1,27.0,0,0,7.7958,2,-1,12,1
631,3,1,26.0,0,0,7.775,2,152,12,0
632,3,0,39.0,1,5,31.275,2,322,13,0
633,3,1,20.0,0,0,7.8542,2,320,12,0
634,3,1,26.0,0,0,7.8958,2,55,12,0
635,3,1,25.0,1,0,17.8,2,3,12,0
636,3,0,18.0,1,0,17.8,2,3,13,0
637,3,1,24.0,0,0,7.775,2,321,12,0
638,3,1,35.0,0,0,7.05,2,-1,12,0
639,3,1,5.0,4,2,31.3875,2,317,8,0
640,3,1,9.0,4,2,31.3875,2,323,8,0
641,3,1,3.0,4,2,31.3875,2,323,8,1
642,3,1,13.0,4,2,31.3875,2,323,8,0
643,3,0,5.0,4,2,31.3875,2,323,9,1
644,3,1,40.0,1,5,31.3875,2,317,12,0
645,3,1,23.0,0,0,7.7958,2,249,12,1
646,3,0,38.0,1,5,31.3875,2,317,13,1
647,3,0,45.0,0,0,7.225,0,252,13,1
648,3,1,21.0,0,0,7.225,0,252,12,0
649,3,1,23.0,0,0,7.05,2,-1,12,0
650,3,0,17.0,0,0,14.4583,0,-1,9,0
651,3,1,30.0,0,0,7.225,0,252,12,0
652,3,1,23.0,0,0,7.8542,2,185,12,0
653,3,0,13.0,0,0,7.2292,0,331,9,1
654,3,1,20.0,0,0,7.225,0,-1,12,0
655,3,1,32.0,1,0,15.85,2,279,12,0
656,3,0,33.0,3,0,15.85,2,279,13,1
657,3,0,0.75,2,1,19.2583,0,329,9,1
658,3,0,0.75,2,1,19.2583,0,329,9,1
659,3,0,5.0,2,1,19.2583,0,329,9,1
660,3,0,24.0,0,3,19.2583,0,329,13,1
661,3,0,18.0,0,0,8.05,2,210,9,1
662,3,1,40.0,0,0,7.225,0,-1,12,0
663,3,1,26.0,0,0,7.8958,2,-1,12,0
664,3,1,20.0,0,0,7.2292,0,-1,12,1
665,3,0,18.0,0,1,14.4542,0,330,9,0
666,3,0,45.0,0,1,14.4542,0,330,13,0
667,3,0,27.0,0,0,7.8792,1,236,9,0
668,3,1,22.0,0,0,8.05,2,115,12,0
669,3,1,19.0,0,0,8.05,2,106,12,0
670,3,1,26.0,0,0,7.775,2,186,12,0
671,3,1,22.0,0,0,9.35,2,337,12,0
672,3,1,29.881137667304014,0,0,7.2292,0,-1,8,0
673,3,1,20.0,0,0,4.0125,0,326,12,0
674,3,1,32.0,0,0,56.4958,2,159,12,1
675,3,1,21.0,0,0,7.775,2,36,12,0
676,3,1,18.0,0,0,7.75,2,312,12,0
677,3,1,26.0,0,0,7.8958,2,55,12,0
678,3,1,6.0,1,1,15.2458,0,328,8,0
679,3,0,9.0,1,1,15.2458,0,328,9,0
680,3,1,29.881137667304014,0,0,7.225,0,326,12,0
681,3,0,29.881137667304014,0,2,15.2458,0,328,13,0
682,3,0,29.881137667304014,0,2,7.75,1,171,9,0
683,3,1,40.0,1,1,15.5,1,171,12,0
684,3,0,32.0,1,1,15.5,1,171,13,0
685,3,1,21.0,0,0,16.1,2,338,12,0
686,3,0,22.0,0,0,7.725,1,182,9,1
687,3,0,20.0,0,0,7.8542,2,221,9,0
688,3,1,29.0,1,0,7.0458,2,37,12,0
689,3,1,22.0,1,0,7.25,2,37,12,0
690,3,1,22.0,0,0,7.7958,2,323,12,0
691,3,1,35.0,0,0,8.05,2,49,12,0
692,3,0,18.5,0,0,7.2833,1,68,9,0
693,3,1,21.0,0,0,7.8208,1,183,12,1
694,3,1,19.0,0,0,6.75,1,67,12,0
695,3,0,18.0,0,0,7.8792,1,72,9,0
696,3,0,21.0,0,0,8.6625,2,-1,9,0
697,3,0,30.0,0,0,8.6625,2,-1,9,0
698,3,1,18.0,0,0,8.6625,2,-1,12,0
699,3,1,38.0,0,0,8.6625,2,85,12,0
700,3,1,17.0,0,0,8.6625,2,-1,12,0
701,3,1,17.0,0,0,8.6625,2,-1,12,0
702,3,0,21.0,0,0,7.75,1,-1,9,0
703,3,1,21.0,0,0,7.75,1,173,12,0
704,3,1,21.0,0,0,8.05,2,-1,12,0
705,3,1,29.881137667304014,1,0,14.4583,0,252,12,0
706,3,0,29.881137667304014,1,0,14.4583,0,252,13,0
707,3,1,28.0,0,0,7.7958,2,86,12,0
708,3,1,24.0,0,0,7.8542,2,132,12,0
709,3,0,16.0,0,0,7.75,1,70,9,1
710,3,0,37.0,0,0,7.75,1,71,9,0
711,3,1,28.0,0,0,7.25,2,302,12,0
712,3,1,24.0,0,0,8.05,2,196,12,0
713,3,1,21.0,0,0,7.7333,1,172,12,0
714,3,1,32.0,0,0,56.4958,2,159,12,1
715,3,1,29.0,0,0,8.05,2,-1,12,0
716,3,1,26.0,1,0,14.4542,0,133,12,0
717,3,1,18.0,1,0,14.4542,0,133,12,0
718,3,1,20.0,0,0,7.05,2,270,12,0
719,3,1,18.0,0,0,8.05,2,208,12,1
720,3,1,24.0,0,0,7.25,1,69,12,0
721,3,1,36.0,0,0,7.4958,2,55,12,0
722,3,1,24.0,0,0,7.4958,2,-1,12,0
723,3,1,31.0,0,0,7.7333,1,263,12,0
724,3,1,31.0,0,0,7.75,1,170,12,0
725,3,0,22.0,0,0,7.75,1,169,9,1
726,3,0,30.0,0,0,7.6292,1,169,9,0
727,3,1,70.5,0,0,7.75,1,-1,12,0
728,3,1,43.0,0,0,8.05,2,-1,12,0
729,3,1,35.0,0,0,7.8958,2,12,12,0
730,3,1,27.0,0,0,7.8958,2,12,12,0
731,3,1,19.0,0,0,7.8958,2,12,12,0
732,3,1,30.0,0,0,8.05,2,196,12,0
733,3,1,9.0,1,1,15.9,2,114,8,1
734,3,1,3.0,1,1,15.9,2,114,8,1
735,3,0,36.0,0,2,15.9,2,114,13,1
736,3,1,59.0,0,0,7.25,2,222,12,0
737,3,1,19.0,0,0,8.1583,2,43,12,0
738,3,0,17.0,0,1,16.1,2,34,9,1
739,3,1,44.0,0,1,16.1,2,34,12,0
740,3,1,17.0,0,0,8.6625,2,14,12,0
741,3,1,22.5,0,0,7.225,0,-1,12,0
742,3,1,45.0,0,0,8.05,2,11,12,1
743,3,0,22.0,0,0,10.5167,2,244,9,0
744,3,1,19.0,0,0,10.1708,2,12,12,0
745,3,0,30.0,0,0,6.95,1,65,9,1
746,3,1,29.0,0,0,7.75,1,65,12,1
747,3,1,0.33,0,2,14.4,2,309,8,0
748,3,1,34.0,1,1,14.4,2,309,12,0
749,3,0,28.0,1,1,14.4,2,309,13,0
750,3,1,27.0,0,0,7.8958,2,55,12,0
751,3,1,25.0,0,0,7.8958,2,55,12,0
752,3,1,24.0,2,0,24.15,2,350,12,0
753,3,1,22.0,0,0,8.05,2,-1,12,0
754,3,1,21.0,2,0,24.15,2,350,12,0
755,3,1,17.0,2,0,8.05,2,350,12,0
756,3,1,29.881137667304014,1,0,16.1,2,195,12,0
757,3,0,29.881137667304014,1,0,16.1,2,195,13,1
758,3,1,36.5,1,0,17.4,2,333,12,1
759,3,0,36.0,1,0,17.4,2,333,13,1
760,3,1,30.0,0,0,9.5,2,25,12,1
761,3,1,16.0,0,0,9.5,2,-1,12,0
762,3,1,1.0,1,2,20.575,2,93,8,1
763,3,0,0.17,1,2,20.575,2,93,9,1
764,3,1,26.0,1,2,20.575,2,93,12,0
765,3,0,33.0,1,2,20.575,2,93,13,1
766,3,1,25.0,0,0,7.8958,2,-1,12,0
767,3,1,29.881137667304014,0,0,7.8958,2,-1,12,0
768,3,1,29.881137667304014,0,0,7.8958,2,56,12,0
769,3,1,22.0,0,0,7.25,2,-1,12,0
770,3,1,36.0,0,0,7.25,2,-1,12,0
771,3,0,19.0,0,0,7.8792,1,180,9,1
772,3,1,17.0,0,0,7.8958,2,-1,12,0
773,3,1,42.0,0,0,8.6625,2,-1,12,0
774,3,1,43.0,0,0,7.8958,2,-1,12,0
775,3,1,29.881137667304014,0,0,7.2292,0,-1,12,0
776,3,1,32.0,0,0,7.75,1,172,12,0
777,3,1,19.0,0,0,8.05,2,116,12,1
778,3,0,30.0,0,0,12.475,2,341,9,1
779,3,0,24.0,0,0,7.75,1,172,9,0
780,3,0,23.0,0,0,8.05,2,209,9,1
781,3,1,33.0,0,0,7.8958,0,13,12,0
782,3,1,65.0,0,0,7.75,1,-1,12,0
783,3,1,24.0,0,0,7.55,2,113,12,1
784,3,1,23.0,1,0,13.9,2,352,12,0
785,3,0,22.0,1,0,13.9,2,352,13,1
786,3,1,18.0,0,0,7.775,2,334,12,0
787,3,1,16.0,0,0,7.775,2,179,12,0
788,3,1,45.0,0,0,6.975,2,102,12,0
789,3,1,29.881137667304014,0,0,7.225,0,-1,12,0
790,3,1,39.0,0,2,7.2292,0,330,12,0
791,3,1,17.0,1,1,7.2292,0,-1,12,0
792,3,1,15.0,1,1,7.2292,0,326,12,0
793,3,1,47.0,0,0,7.25,2,165,12,0
794,3,0,5.0,0,0,12.475,2,236,9,1
795,3,1,29.881137667304014,0,0,7.225,0,-1,12,0
796,3,1,40.5,0,0,15.1,2,-1,12,0
797,3,1,40.5,0,0,7.75,1,10,12,0
798,3,1,29.881137667304014,0,0,7.05,2,176,12,1
799,3,1,18.0,0,0,7.7958,2,-1,12,0
800,3,0,29.881137667304014,0,0,7.75,1,-1,9,0
801,3,1,29.881137667304014,0,0,7.75,1,-1,12,0
802,3,1,29.881137667304014,0,0,6.95,1,-1,12,0
803,3,1,26.0,0,0,7.8792,1,171,12,0
804,3,1,29.881137667304014,0,0,7.75,1,169,12,0
805,3,1,29.881137667304014,0,0,56.4958,2,159,12,1
806,3,0,21.0,2,2,34.375,2,276,9,0
807,3,0,9.0,2,2,34.375,2,276,9,0
808,3,1,29.881137667304014,0,0,8.05,2,38,12,0
809,3,1,18.0,2,2,34.375,2,276,12,0
810,3,1,16.0,1,3,34.375,2,276,12,0
811,3,0,48.0,1,3,34.375,2,276,13,0
812,3,1,29.881137667304014,0,0,7.75,1,172,12,0
813,3,1,29.881137667304014,0,0,7.25,2,-1,12,0
814,3,1,25.0,0,0,7.7417,1,236,12,0
815,3,1,29.881137667304014,0,0,14.5,2,-1,12,0
816,3,1,29.881137667304014,0,0,7.8958,0,-1,12,0
817,3,1,22.0,0,0,8.05,2,-1,12,0
818,3,0,16.0,0,0,7.7333,1,70,9,1
819,3,0,29.881137667304014,0,0,7.75,1,66,9,1
820,3,1,9.0,0,2,20.525,2,315,8,1
821,3,1,33.0,1,1,20.525,2,315,12,0
822,3,1,41.0,0,0,7.85,2,263,12,0
823,3,0,31.0,1,1,20.525,2,315,13,1
824,3,1,38.0,0,0,7.05,2,270,12,0
825,3,1,9.0,5,2,46.9,2,358,8,0
826,3,1,1.0,5,2,46.9,2,358,8,0
827,3,1,11.0,5,2,46.9,2,358,8,0
828,3,0,10.0,5,2,46.9,2,358,9,0
829,3,0,16.0,5,2,46.9,2,358,9,0
830,3,1,14.0,5,2,46.9,2,358,12,0
831,3,1,40.0,1,6,46.9,2,358,12,0
832,3,0,43.0,1,6,46.9,2,358,13,0
833,3,1,51.0,0,0,8.05,2,96,12,0
834,3,1,32.0,0,0,8.3625,2,123,12,0
835,3,1,29.881137667304014,0,0,8.05,2,-1,12,0
836,3,1,20.0,0,0,9.8458,2,349,12,0
837,3,1,37.0,2,0,7.925,2,279,12,0
838,3,1,28.0,2,0,7.925,2,279,12,0
839,3,1,19.0,0,0,7.775,2,233,12,0
840,3,0,24.0,0,0,8.85,2,-1,9,0
841,3,0,17.0,0,0,7.7333,1,-1,9,0
842,3,1,29.881137667304014,1,0,19.9667,2,-1,12,0
843,3,1,29.881137667304014,1,0,19.9667,2,-1,12,0
844,3,1,28.0,1,0,15.85,2,-1,12,0
845,3,0,24.0,1,0,15.85,2,-1,13,1
846,3,1,20.0,0,0,9.5,2,-1,12,0
847,3,1,23.5,0,0,7.2292,0,-1,12,0
848,3,1,41.0,2,0,14.1083,2,-1,12,0
849,3,1,26.0,1,0,7.8542,2,-1,12,0
850,3,1,21.0,0,0,7.8542,2,-1,12,0
851,3,0,45.0,1,0,14.1083,2,-1,13,1
852,3,0,29.881137667304014,0,0,7.55,2,-1,9,0
853,3,1,25.0,0,0,7.25,2,-1,12,0
854,3,1,29.881137667304014,0,0,6.8583,1,-1,12,0
855,3,1,11.0,0,0,18.7875,0,-1,12,0
856,3,0,29.881137667304014,0,0,7.75,1,-1,9,1
857,3,1,27.0,0,0,6.975,2,-1,12,1
858,3,1,29.881137667304014,0,0,56.4958,2,-1,12,1
859,3,0,18.0,0,0,6.75,1,-1,9,0
860,3,0,26.0,0,0,7.925,2,-1,9,1
861,3,0,23.0,0,0,7.925,2,-1,9,0
862,3,0,22.0,0,0,8.9625,2,-1,9,1
863,3,1,28.0,0,0,7.8958,2,-1,12,0
864,3,0,28.0,0,0,7.775,2,-1,9,0
865,3,0,29.881137667304014,0,0,7.75,1,-1,9,0
866,3,0,2.0,0,1,12.2875,2,-1,9,1
867,3,0,22.0,1,1,12.2875,2,-1,13,1
868,3,1,43.0,0,0,6.45,2,-1,12,0
869,3,1,28.0,0,0,22.525,2,-1,12,0
870,3,0,27.0,0,0,7.925,2,-1,9,1
871,3,1,29.881137667304014,0,0,7.75,1,-1,12,0
872,3,0,29.881137667304014,0,0,8.05,2,-1,9,1
873,3,1,42.0,0,0,7.65,2,-1,12,0
874,3,1,29.881137667304014,0,0,7.8875,2,-1,12,1
875,3,1,30.0,0,0,7.2292,0,-1,12,0
876,3,1,29.881137667304014,0,0,7.8958,2,-1,12,0
877,3,0,27.0,1,0,7.925,2,-1,9,0
878,3,0,25.0,1,0,7.925,2,-1,9,0
879,3,1,29.881137667304014,0,0,7.8958,2,-1,12,0
880,3,1,29.0,0,0,7.8958,0,-1,12,1
881,3,1,21.0,0,0,7.7958,2,-1,12,1
882,3,1,29.881137667304014,0,0,7.05,2,-1,12,0
883,3,1,20.0,0,0,7.8542,2,-1,12,0
884,3,1,48.0,0,0,7.8542,2,-1,12,0
885,3,1,17.0,1,0,7.0542,2,-1,12,0
886,3,0,29.881137667304014,0,0,7.75,1,-1,9,1
887,3,1,29.881137667304014,0,0,8.1125,2,-1,12,1
888,3,1,34.0,0,0,6.4958,2,-1,12,0
889,3,1,26.0,0,0,7.775,2,-1,12,1
890,3,1,22.0,0,0,7.7958,2,-1,12,0
891,3,1,33.0,0,0,8.6542,2,-1,12,0
892,3,1,31.0,0,0,7.775,2,-1,12,0
893,3,1,29.0,0,0,7.8542,2,-1,12,0
894,3,1,4.0,1,1,11.1333,2,-1,8,1
895,3,0,1.0,1,1,11.1333,2,-1,9,1
896,3,1,49.0,0,0,0.0,2,-1,12,0
897,3,1,33.0,0,0,7.775,2,-1,12,0
898,3,1,19.0,0,0,0.0,2,-1,12,0
899,3,0,27.0,0,2,11.1333,2,-1,13,1
900,3,1,29.881137667304014,1,2,23.45,2,-1,8,0
901,3,0,29.881137667304014,1,2,23.45,2,-1,9,0
902,3,1,29.881137667304014,1,2,23.45,2,-1,12,0
903,3,0,29.881137667304014,1,2,23.45,2,-1,13,0
904,3,1,23.0,0,0,7.8958,2,-1,12,0
905,3,1,32.0,0,0,7.8542,2,-1,12,1
906,3,1,27.0,0,0,7.8542,2,-1,12,0
907,3,0,20.0,1,0,9.825,2,-1,9,0
908,3,0,21.0,1,0,9.825,2,-1,9,0
909,3,1,32.0,0,0,7.925,2,-1,12,1
910,3,1,17.0,0,0,7.125,2,-1,12,0
911,3,1,21.0,0,0,8.4333,2,-1,12,0
912,3,1,30.0,0,0,7.8958,2,-1,12,0
913,3,1,21.0,0,0,7.7958,2,-1,12,1
914,3,1,33.0,0,0,7.8542,2,-1,12,0
915,3,1,22.0,0,0,7.5208,2,-1,12,0
916,3,0,4.0,0,1,13.4167,0,-1,9,1
917,3,1,39.0,0,1,13.4167,0,-1,12,1
918,3,1,29.881137667304014,0,0,7.2292,0,-1,12,0
919,3,1,18.5,0,0,7.2292,0,-1,12,0
920,3,1,29.881137667304014,0,0,7.75,1,-1,12,0
921,3,1,29.881137667304014,0,0,7.25,2,-1,12,0
922,3,0,29.881137667304014,0,0,7.75,1,-1,9,1
923,3,0,29.881137667304014,0,0,7.75,1,-1,9,1
924,3,1,34.5,0,0,7.8292,1,-1,12,0
925,3,1,44.0,0,0,8.05,2,-1,12,0
926,3,1,29.881137667304014,0,0,7.75,1,-1,12,1
927,3,1,29.881137667304014,1,0,14.4542,0,-1,12,0
928,3,0,29.881137667304014,1,0,14.4542,0,-1,13,0
929,3,1,29.881137667304014,1,0,7.75,1,-1,12,0
930,3,1,29.881137667304014,1,0,7.75,1,-1,12,0
931,3,1,29.881137667304014,0,0,7.7375,1,-1,12,0
932,3,0,22.0,2,0,8.6625,2,-1,9,0
933,3,1,26.0,2,0,8.6625,2,-1,12,0
934,3,0,4.0,0,2,22.025,2,-1,9,1
935,3,1,29.0,3,1,22.025,2,-1,12,1
936,3,0,26.0,1,1,22.025,2,-1,13,1
937,3,0,1.0,1,1,12.1833,2,-1,9,0
938,3,1,18.0,1,1,7.8542,2,-1,12,0
939,3,0,36.0,0,2,12.1833,2,-1,13,0
940,3,1,29.881137667304014,0,0,7.8958,0,-1,12,0
941,3,1,25.0,0,0,7.2292,0,-1,12,1
942,3,1,29.881137667304014,0,0,7.225,0,-1,12,0
943,3,0,37.0,0,0,9.5875,2,-1,9,0
944,3,1,29.881137667304014,0,0,7.8958,2,-1,12,0
945,3,1,29.881137667304014,0,0,56.4958,2,-1,12,1
946,3,1,29.881137667304014,0,0,56.4958,2,-1,12,0
947,3,0,22.0,0,0,7.25,2,-1,9,1
948,3,1,29.881137667304014,0,0,7.75,1,-1,12,0
949,3,1,26.0,0,0,56.4958,2,-1,12,1
950,3,1,29.0,0,0,9.4833,2,-1,12,0
951,3,1,29.0,0,0,7.775,2,-1,12,0
952,3,1,22.0,0,0,7.775,2,-1,12,0
953,3,1,22.0,0,0,7.225,0,-1,12,1
954,3,1,29.881137667304014,3,1,25.4667,2,-1,8,0
955,3,0,29.881137667304014,3,1,25.4667,2,-1,9,0
956,3,0,29.881137667304014,3,1,25.4667,2,-1,9,0
957,3,0,29.881137667304014,3,1,25.4667,2,-1,9,0
958,3,0,29.881137667304014,0,4,25.4667,2,-1,13,0
959,3,1,32.0,0,0,7.925,2,-1,12,0
960,3,1,34.5,0,0,6.4375,0,-1,12,0
961,3,0,29.881137667304014,1,0,15.5,1,-1,9,0
962,3,1,29.881137667304014,1,0,15.5,1,-1,12,0
963,3,1,36.0,0,0,0.0,2,-1,12,0
964,3,1,39.0,0,0,24.15,2,-1,12,0
965,3,1,24.0,0,0,9.5,2,-1,12,0
966,3,0,25.0,0,0,7.775,2,-1,9,0
967,3,0,45.0,0,0,7.75,2,-1,9,0
968,3,1,36.0,1,0,15.55,2,-1,12,0
969,3,0,30.0,1,0,15.55,2,-1,13,0
970,3,1,20.0,1,0,7.925,2,-1,12,1
971,3,1,29.881137667304014,0,0,7.8792,1,-1,12,0
972,3,1,28.0,0,0,56.4958,2,-1,12,0
973,3,1,29.881137667304014,0,0,7.55,2,-1,12,0
974,3,1,30.0,1,0,16.1,2,-1,12,0
975,3,0,26.0,1,0,16.1,2,-1,13,0
976,3,1,29.881137667304014,0,0,7.8792,2,-1,12,0
977,3,1,20.5,0,0,7.25,2,-1,12,0
978,3,1,27.0,0,0,8.6625,2,-1,12,1
979,3,1,51.0,0,0,7.0542,2,-1,12,0
980,3,0,23.0,0,0,7.8542,2,-1,9,1
981,3,1,32.0,0,0,7.5792,2,-1,12,1
982,3,1,29.881137667304014,0,0,7.8958,2,-1,12,0
983,3,1,29.881137667304014,0,0,7.55,2,-1,12,0
984,3,0,29.881137667304014,0,0,7.75,1,-1,9,1
985,3,1,24.0,0,0,7.1417,2,-1,12,1
986,3,1,22.0,0,0,7.125,2,-1,12,0
987,3,0,29.881137667304014,0,0,7.8792,1,-1,9,0
988,3,1,29.881137667304014,0,0,7.75,1,-1,12,0
989,3,1,29.881137667304014,0,0,8.05,2,-1,12,0
990,3,1,29.0,0,0,7.925,2,-1,12,0
991,3,1,29.881137667304014,0,0,7.2292,0,-1,12,1
992,3,0,30.5,0,0,7.75,1,-1,9,0
993,3,0,29.881137667304014,0,0,7.7375,1,-1,9,1
994,3,1,29.881137667304014,0,0,7.2292,0,-1,12,0
995,3,1,35.0,0,0,7.8958,0,-1,12,0
996,3,1,33.0,0,0,7.8958,2,-1,12,0
997,3,0,29.881137667304014,0,0,7.225,0,-1,13,1
998,3,1,29.881137667304014,0,0,7.8958,0,-1,12,0
999,3,0,29.881137667304014,0,0,7.75,1,-1,9,1
1000,3,1,29.881137667304014,0,0,7.75,1,-1,12,1
1001,3,0,29.881137667304014,2,0,23.25,1,-1,9,1
1002,3,0,29.881137667304014,2,0,23.25,1,-1,9,1
1003,3,1,29.881137667304014,2,0,23.25,1,-1,12,1
1004,3,0,29.881137667304014,0,0,7.7875,1,-1,9,1
1005,3,1,29.881137667304014,0,0,15.5,1,-1,12,0
1006,3,0,29.881137667304014,0,0,7.8792,1,-1,9,1
1007,3,0,15.0,0,0,8.0292,1,-1,9,1
1008,3,0,35.0,0,0,7.75,1,-1,9,0
1009,3,1,29.881137667304014,0,0,7.75,1,-1,12,0
1010,3,1,24.0,1,0,16.1,2,-1,12,0
1011,3,0,19.0,1,0,16.1,2,-1,13,0
1012,3,0,29.881137667304014,0,0,7.75,1,-1,9,0
1013,3,0,29.881137667304014,0,0,8.05,2,-1,9,0
1014,3,0,29.881137667304014,0,0,8.05,2,-1,13,0
1015,3,1,55.5,0,0,8.05,2,-1,12,0
1016,3,1,29.881137667304014,0,0,7.75,1,-1,12,0
1017,3,1,21.0,0,0,7.775,2,-1,12,1
1018,3,1,29.881137667304014,0,0,8.05,2,-1,12,0
1019,3,1,24.0,0,0,7.8958,2,-1,12,0
1020,3,1,21.0,0,0,7.8958,2,-1,12,0
1021,3,1,28.0,0,0,7.8958,2,-1,12,0
1022,3,1,29.881137667304014,0,0,7.8958,2,-1,12,0
1023,3,0,29.881137667304014,0,0,7.8792,1,-1,9,1
1024,3,1,25.0,0,0,7.65,2,-1,12,0
1025,3,1,6.0,0,1,12.475,2,-1,8,1
1026,3,0,27.0,0,1,12.475,2,-1,13,1
1027,3,1,29.881137667304014,0,0,8.05,2,-1,12,0
1028,3,0,29.881137667304014,1,0,24.15,1,-1,9,1
1029,3,1,29.881137667304014,1,0,24.15,1,-1,12,0
1030,3,1,29.881137667304014,0,0,8.4583,1,-1,12,0
1031,3,1,34.0,0,0,8.05,2,-1,12,0
1032,3,1,29.881137667304014,0,0,7.75,1,-1,12,0
1033,3,1,29.881137667304014,0,0,7.775,2,-1,12,1
1034,3,1,29.881137667304014,1,1,15.2458,0,-1,8,1
1035,3,1,29.881137667304014,1,1,15.2458,0,-1,8,1
1036,3,0,29.881137667304014,0,2,15.2458,0,-1,13,1
1037,3,0,29.881137667304014,0,0,7.2292,0,-1,13,1
1038,3,1,29.881137667304014,0,0,8.05,2,-1,12,0
1039,3,0,29.881137667304014,0,0,7.7333,1,-1,9,1
1040,3,0,24.0,0,0,7.75,1,-1,9,1
1041,3,1,29.881137667304014,0,0,8.05,2,-1,12,0
1042,3,0,29.881137667304014,1,0,15.5,1,-1,9,1
1043,3,0,29.881137667304014,1,0,15.5,1,-1,9,1
1044,3,0,29.881137667304014,0,0,15.5,1,-1,9,1
1045,3,1,18.0,0,0,7.75,2,-1,12,0
1046,3,1,22.0,0,0,7.8958,2,-1,12,0
1047,3,0,15.0,0,0,7.225,0,-1,9,1
1048,3,0,1.0,0,2,15.7417,0,-1,9,1
1049,3,1,20.0,1,1,15.7417,0,-1,12,1
1050,3,0,19.0,1,1,15.7417,0,-1,13,1
1051,3,1,33.0,0,0,8.05,2,-1,12,0
1052,3,1,29.881137667304014,0,0,7.8958,2,-1,12,0
1053,3,1,29.881137667304014,0,0,7.2292,0,-1,12,0
1054,3,0,29.881137667304014,0,0,7.75,1,-1,9,0
1055,3,1,29.881137667304014,0,0,7.8958,2,-1,12,0
1056,3,1,12.0,1,0,11.2417,0,-1,8,1
1057,3,0,14.0,1,0,11.2417,0,-1,9,1
1058,3,0,29.0,0,0,7.925,2,-1,9,0
1059,3,1,28.0,0,0,8.05,2,-1,12,0
1060,3,0,18.0,0,0,7.775,2,-1,9,1
1061,3,0,26.0,0,0,7.8542,2,-1,9,1
1062,3,1,21.0,0,0,7.8542,2,-1,12,0
1063,3,1,41.0,0,0,7.125,2,120,12,0
1064,3,1,39.0,0,0,7.925,2,-1,12,1
1065,3,1,21.0,0,0,7.8,2,-1,12,0
1066,3,1,28.5,0,0,7.2292,0,-1,12,0
1067,3,0,22.0,0,0,7.75,2,-1,9,1
1068,3,1,61.0,0,0,6.2375,2,-1,12,0
1069,3,1,29.881137667304014,1,0,15.5,1,-1,12,0
1070,3,1,29.881137667304014,0,0,7.8292,1,-1,12,0
1071,3,0,29.881137667304014,1,0,15.5,1,-1,13,1
1072,3,1,29.881137667304014,0,0,7.7333,1,-1,12,0
1073,3,1,29.881137667304014,0,0,7.75,1,-1,12,0
1074,3,1,29.881137667304014,0,0,7.75,1,-1,12,0
1075,3,1,23.0,0,0,9.225,2,-1,12,0
1076,3,0,29.881137667304014,0,0,7.75,1,-1,14,0
1077,3,0,29.881137667304014,0,0,7.75,1,-1,9,1
1078,3,0,29.881137667304014,0,0,7.8792,1,-1,9,1
1079,3,0,22.0,0,0,7.775,2,-1,9,1
1080,3,1,29.881137667304014,0,0,7.75,1,-1,12,1
1081,3,0,29.881137667304014,0,0,7.8292,1,-1,9,1
1082,3,1,9.0,0,1,3.1708,2,-1,8,1
1083,3,1,28.0,0,0,22.525,2,-1,12,0
1084,3,1,42.0,0,1,8.4042,2,-1,12,0
1085,3,1,29.881137667304014,0,0,7.3125,2,-1,12,0
1086,3,0,31.0,0,0,7.8542,2,-1,9,0
1087,3,1,28.0,0,0,7.8542,2,-1,12,0
1088,3,1,32.0,0,0,7.775,2,-1,12,1
1089,3,1,20.0,0,0,9.225,2,251,12,0
1090,3,0,23.0,0,0,8.6625,2,-1,9,0
1091,3,0,20.0,0,0,8.6625,2,-1,9,0
1092,3,1,20.0,0,0,8.6625,2,-1,12,0
1093,3,1,16.0,0,0,9.2167,2,-1,12,0
1094,3,0,31.0,0,0,8.6833,2,-1,13,1
1095,3,0,29.881137667304014,0,0,7.6292,1,-1,9,0
1096,3,1,2.0,3,1,21.075,2,-1,8,0
1097,3,1,6.0,3,1,21.075,2,-1,8,0
1098,3,0,3.0,3,1,21.075,2,-1,9,0
1099,3,0,8.0,3,1,21.075,2,-1,9,0
1100,3,0,29.0,0,4,21.075,2,-1,13,0
1101,3,1,1.0,4,1,39.6875,2,-1,8,0
1102,3,1,7.0,4,1,39.6875,2,-1,8,0
1103,3,1,2.0,4,1,39.6875,2,-1,8,0
1104,3,1,16.0,4,1,39.6875,2,-1,12,0
1105,3,1,14.0,4,1,39.6875,2,-1,12,0
1106,3,0,41.0,0,5,39.6875,2,-1,13,0
1107,3,1,21.0,0,0,8.6625,2,-1,12,0
1108,3,1,19.0,0,0,14.5,2,-1,12,0
1109,3,1,29.881137667304014,0,0,8.7125,0,-1,12,0
1110,3,1,32.0,0,0,7.8958,2,-1,12,0
1111,3,1,0.75,1,1,13.775,2,-1,8,0
1112,3,0,3.0,1,1,13.775,2,-1,9,0
1113,3,0,26.0,0,2,13.775,2,-1,13,0
1114,3,1,29.881137667304014,0,0,7.0,2,-1,12,0
1115,3,1,29.881137667304014,0,0,7.775,2,-1,12,0
1116,3,1,29.881137667304014,0,0,8.05,2,-1,12,0
1117,3,1,21.0,0,0,7.925,2,-1,12,0
1118,3,1,25.0,0,0,7.925,2,-1,12,0
1119,3,1,22.0,0,0,7.25,2,-1,12,0
1120,3,1,25.0,1,0,7.775,2,-1,12,1
1121,3,1,29.881137667304014,1,1,22.3583,0,-1,8,1
1122,3,0,29.881137667304014,1,1,22.3583,0,-1,9,1
1123,3,0,29.881137667304014,0,2,22.3583,0,-1,13,1
1124,3,0,29.881137667304014,0,0,8.1375,1,-1,9,0
1125,3,1,24.0,0,0,8.05,2,-1,12,0
1126,3,0,28.0,0,0,7.8958,2,-1,9,0
1127,3,1,19.0,0,0,7.8958,2,-1,12,0
1128,3,1,29.881137667304014,0,0,7.8958,2,-1,12,0
1129,3,1,25.0,1,0,7.775,2,-1,12,0
1130,3,0,18.0,0,0,7.775,2,-1,9,0
1131,3,1,32.0,0,0,8.05,2,-1,12,1
1132,3,1,29.881137667304014,0,0,7.8958,2,-1,12,0
1133,3,1,17.0,0,0,8.6625,2,-1,12,0
1134,3,1,24.0,0,0,8.6625,2,-1,12,0
1135,3,1,29.881137667304014,0,0,7.8958,2,-1,12,0
1136,3,0,29.881137667304014,0,0,8.1125,2,-1,13,0
1137,3,1,29.881137667304014,0,0,7.2292,0,-1,12,0
1138,3,1,29.881137667304014,0,0,7.25,2,-1,12,0
1139,3,1,38.0,0,0,7.8958,2,-1,12,0
1140,3,1,21.0,0,0,8.05,2,-1,12,0
1141,3,1,10.0,4,1,29.125,1,-1,8,0
1142,3,1,4.0,4,1,29.125,1,-1,8,0
1143,3,1,7.0,4,1,29.125,1,-1,8,0
1144,3,1,2.0,4,1,29.125,1,-1,8,0
1145,3,1,8.0,4,1,29.125,1,-1,8,0
1146,3,0,39.0,0,5,29.125,1,-1,13,0
1147,3,0,22.0,0,0,39.6875,2,-1,9,0
1148,3,1,35.0,0,0,7.125,2,-1,12,0
1149,3,0,29.881137667304014,0,0,7.7208,1,-1,9,1
1150,3,1,29.881137667304014,0,0,14.5,2,-1,12,0
1151,3,0,29.881137667304014,0,0,14.5,2,-1,13,0
1152,3,1,50.0,1,0,14.5,2,-1,12,0
1153,3,0,47.0,1,0,14.5,2,-1,13,0
1154,3,1,29.881137667304014,0,0,8.05,2,-1,12,0
1155,3,1,29.881137667304014,0,0,7.775,2,-1,12,0
1156,3,0,2.0,1,1,20.2125,2,-1,9,0
1157,3,1,18.0,1,1,20.2125,2,-1,12,0
1158,3,0,41.0,0,2,20.2125,2,-1,13,0
1159,3,0,29.881137667304014,0,0,8.05,2,-1,9,1
1160,3,1,50.0,0,0,8.05,2,-1,12,0
1161,3,1,16.0,0,0,8.05,2,-1,12,0
1162,3,1,29.881137667304014,0,0,7.75,1,-1,12,1
1163,3,1,29.881137667304014,0,0,24.15,1,-1,12,0
1164,3,1,29.881137667304014,0,0,7.2292,0,-1,12,0
1165,3,1,25.0,0,0,7.225,0,-1,12,0
1166,3,1,29.881137667304014,0,0,7.225,0,-1,12,0
1167,3,1,29.881137667304014,0,0,7.7292,1,-1,12,0
1168,3,1,29.881137667304014,0,0,7.575,2,-1,12,0
1169,3,1,38.5,0,0,7.25,2,-1,12,0
1170,3,1,29.881137667304014,8,2,69.55,2,-1,8,0
1171,3,1,14.5,8,2,69.55,2,-1,8,0
1172,3,0,29.881137667304014,8,2,69.55,2,-1,9,0
1173,3,0,29.881137667304014,8,2,69.55,2,-1,9,0
1174,3,0,29.881137667304014,8,2,69.55,2,-1,9,0
1175,3,0,29.881137667304014,8,2,69.55,2,-1,9,0
1176,3,1,29.881137667304014,8,2,69.55,2,-1,12,0
1177,3,1,29.881137667304014,8,2,69.55,2,-1,12,0
1178,3,1,29.881137667304014,8,2,69.55,2,-1,12,0
1179,3,1,29.881137667304014,1,9,69.55,2,-1,12,0
1180,3,0,29.881137667304014,1,9,69.55,2,-1,13,0
1181,3,1,24.0,0,0,9.325,2,-1,12,0
1182,3,0,21.0,0,0,7.65,2,-1,9,1
1183,3,1,39.0,0,0,7.925,2,-1,12,0
1184,3,1,29.881137667304014,2,0,21.6792,0,-1,12,0
1185,3,1,29.881137667304014,2,0,21.6792,0,-1,12,0
1186,3,1,29.881137667304014,2,0,21.6792,0,-1,12,0
1187,3,0,1.0,1,1,16.7,2,-1,9,1
1188,3,0,24.0,0,2,16.7,2,-1,13,1
1189,3,0,4.0,1,1,16.7,2,-1,9,1
1190,3,1,25.0,0,0,9.5,2,-1,12,1
1191,3,1,20.0,0,0,8.05,2,-1,12,0
1192,3,1,24.5,0,0,8.05,2,-1,12,0
1193,3,1,29.881137667304014,0,0,7.725,1,-1,12,0
1194,3,1,29.881137667304014,0,0,7.8958,2,-1,12,0
1195,3,1,29.881137667304014,0,0,7.75,1,-1,12,0
1196,3,1,29.0,0,0,9.5,2,-1,12,1
1197,3,1,29.881137667304014,0,0,15.1,2,-1,12,0
1198,3,0,29.881137667304014,0,0,7.7792,1,-1,9,1
1199,3,1,29.881137667304014,0,0,8.05,2,-1,12,0
1200,3,1,29.881137667304014,0,0,8.05,2,-1,12,0
1201,3,1,22.0,0,0,7.2292,0,-1,12,0
1202,3,1,29.881137667304014,0,0,8.05,2,-1,12,0
1203,3,1,40.0,0,0,7.8958,2,-1,12,0
1204,3,1,21.0,0,0,7.925,2,-1,12,0
1205,3,0,18.0,0,0,7.4958,2,-1,9,1
1206,3,1,4.0,3,2,27.9,2,-1,8,0
1207,3,1,10.0,3,2,27.9,2,-1,8,0
1208,3,0,9.0,3,2,27.9,2,-1,9,0
1209,3,0,2.0,3,2,27.9,2,-1,9,0
1210,3,1,40.0,1,4,27.9,2,-1,12,0
1211,3,0,45.0,1,4,27.9,2,-1,13,0
1212,3,1,29.881137667304014,0,0,7.8958,2,-1,12,0
1213,3,1,29.881137667304014,0,0,8.05,2,-1,12,0
1214,3,1,29.881137667304014,0,0,8.6625,2,-1,12,0
1215,3,1,29.881137667304014,0,0,7.75,1,-1,12,0
1216,3,0,29.881137667304014,0,0,7.7333,1,-1,9,1
1217,3,1,19.0,0,0,7.65,2,-1,12,0
1218,3,1,30.0,0,0,8.05,2,-1,12,0
1219,3,1,29.881137667304014,0,0,8.05,2,-1,12,0
1220,3,1,32.0,0,0,8.05,2,-1,12,0
1221,3,1,29.881137667304014,0,0,7.8958,2,-1,12,0
1222,3,1,33.0,0,0,8.6625,0,-1,12,0
1223,3,0,23.0,0,0,7.55,2,-1,9,1
1224,3,1,21.0,0,0,8.05,2,-1,12,0
1225,3,1,60.5,0,0,33.29547928134557,2,-1,12,0
1226,3,1,19.0,0,0,7.8958,2,-1,12,0
1227,3,0,22.0,0,0,9.8375,2,-1,9,0
1228,3,1,31.0,0,0,7.925,2,-1,12,1
1229,3,1,27.0,0,0,8.6625,2,-1,12,0
1230,3,0,2.0,0,1,10.4625,2,-1,9,0
1231,3,0,29.0,1,1,10.4625,2,-1,13,0
1232,3,1,16.0,0,0,8.05,2,-1,12,1
1233,3,1,44.0,0,0,7.925,2,-1,12,1
1234,3,1,25.0,0,0,7.05,2,-1,12,0
1235,3,1,74.0,0,0,7.775,2,-1,12,0
1236,3,1,14.0,0,0,9.225,2,-1,12,1
1237,3,1,24.0,0,0,7.7958,2,-1,12,0
1238,3,1,25.0,0,0,7.7958,2,-1,12,1
1239,3,1,34.0,0,0,8.05,2,-1,12,0
1240,3,1,0.42,0,1,8.5167,0,-1,8,1
1241,3,1,29.881137667304014,1,0,6.4375,0,-1,12,0
1242,3,1,29.881137667304014,0,0,6.4375,0,-1,12,0
1243,3,1,29.881137667304014,0,0,7.225,0,-1,12,0
1244,3,0,16.0,1,1,8.5167,0,-1,13,1
1245,3,1,29.881137667304014,0,0,8.05,2,-1,12,0
1246,3,1,29.881137667304014,1,0,16.1,2,-1,12,0
1247,3,0,29.881137667304014,1,0,16.1,2,-1,13,1
1248,3,1,32.0,0,0,7.925,2,-1,12,0
1249,3,1,29.881137667304014,0,0,7.75,1,-1,12,0
1250,3,1,29.881137667304014,0,0,7.8958,2,-1,12,0
1251,3,1,30.5,0,0,8.05,2,-1,12,0
1252,3,1,44.0,0,0,8.05,2,-1,12,0
1253,3,1,29.881137667304014,0,0,7.2292,0,-1,12,0
1254,3,1,25.0,0,0,0.0,2,-1,12,1
1255,3,1,29.881137667304014,0,0,7.2292,0,-1,12,0
1256,3,1,7.0,1,1,15.2458,0,-1,8,1
1257,3,0,9.0,1,1,15.2458,0,-1,9,1
1258,3,0,29.0,0,2,15.2458,0,-1,13,1
1259,3,1,36.0,0,0,7.8958,2,-1,12,0
1260,3,0,18.0,0,0,9.8417,2,-1,9,1
1261,3,0,63.0,0,0,9.5875,2,-1,13,1
1262,3,1,29.881137667304014,1,1,14.5,2,-1,8,0
1263,3,1,11.5,1,1,14.5,2,-1,8,0
1264,3,1,40.5,0,2,14.5,2,-1,12,0
1265,3,0,10.0,0,2,24.15,2,-1,9,0
1266,3,1,36.0,1,1,24.15,2,-1,12,0
1267,3,0,30.0,1,1,24.15,2,-1,13,0
1268,3,1,29.881137667304014,0,0,9.5,2,-1,12,0
1269,3,1,33.0,0,0,9.5,2,-1,12,0
1270,3,1,28.0,0,0,9.5,2,-1,12,0
1271,3,1,28.0,0,0,9.5,2,-1,12,0
1272,3,1,47.0,0,0,9.0,2,-1,12,0
1273,3,0,18.0,2,0,18.0,2,-1,9,0
1274,3,1,31.0,3,0,18.0,2,-1,12,0
1275,3,1,16.0,2,0,18.0,2,-1,12,0
1276,3,0,31.0,1,0,18.0,2,-1,13,0
1277,3,1,22.0,0,0,7.225,0,-1,12,1
1278,3,1,20.0,0,0,7.8542,2,-1,12,0
1279,3,0,14.0,0,0,7.8542,2,-1,9,0
1280,3,1,22.0,0,0,7.8958,2,-1,12,0
1281,3,1,22.0,0,0,9.0,2,5,12,0
1282,3,1,29.881137667304014,0,0,8.05,2,-1,12,0
1283,3,1,29.881137667304014,0,0,7.55,2,-1,12,0
1284,3,1,29.881137667304014,0,0,8.05,2,-1,12,0
1285,3,1,32.5,0,0,9.5,2,-1,12,0
1286,3,0,38.0,0,0,7.2292,0,-1,13,1
1287,3,1,51.0,0,0,7.75,2,-1,12,0
1288,3,1,18.0,1,0,6.4958,2,-1,12,0
1289,3,1,21.0,1,0,6.4958,2,-1,12,0
1290,3,0,47.0,1,0,7.0,2,-1,13,1
1291,3,1,29.881137667304014,0,0,8.7125,2,-1,12,0
1292,3,1,29.881137667304014,0,0,7.55,2,-1,12,0
1293,3,1,29.881137667304014,0,0,8.05,2,-1,12,0
1294,3,1,28.5,0,0,16.1,2,-1,12,0
1295,3,1,21.0,0,0,7.25,2,-1,12,0
1296,3,1,27.0,0,0,8.6625,2,-1,12,0
1297,3,1,29.881137667304014,0,0,7.25,2,-1,12,0
1298,3,1,36.0,0,0,9.5,2,-1,12,0
1299,3,1,27.0,1,0,14.4542,0,-1,12,0
1300,3,0,15.0,1,0,14.4542,0,-1,13,1
1301,3,1,45.5,0,0,7.225,0,-1,12,0
1302,3,1,29.881137667304014,0,0,7.225,0,-1,12,0
1303,3,1,29.881137667304014,0,0,14.4583,0,-1,12,0
1304,3,0,14.5,1,0,14.4542,0,-1,9,0
1305,3,0,29.881137667304014,1,0,14.4542,0,-1,9,0
1306,3,1,26.5,0,0,7.225,0,-1,12,0
1307,3,1,27.0,0,0,7.225,0,-1,12,0
1308,3,1,29.0,0,0,7.875,2,-1,12,0
