1,29.0,0,0,211.3375,S, Miss,1,0,0,0,0,0,0,0,0,1,0,0,0,0,0,0,0,0,0,1,1
1,0.92,1,2,151.55,S, Master,0,0,0,0,0,0,0,0,1,0,0,0,0,0,0,0,0,0,0,1,1
1,2.0,1,2,151.55,S, Miss,1,0,0,0,0,0,0,0,0,1,0,0,0,0,0,0,0,0,0,1,0
1,30.0,1,2,151.55,S, Mr,0,0,0,0,0,0,0,0,0,0,0,0,1,0,0,0,0,0,0,1,0
1,25.0,1,2,151.55,S, Mrs,1,0,0,0,0,0,0,0,0,0,0,0,0,1,0,0,0,0,0,1,0
1,48.0,0,0,26.55,S, Mr,0,0,0,0,0,0,0,0,0,0,0,0,1,0,0,0,0,0,0,1,1
1,63.0,1,0,77.9583,S, Miss,1,0,0,0,0,0,0,0,0,1,0,0,0,0,0,0,0,0,0,1,1
1,39.0,0,0,0.0,S, Mr,0,0,0,0,0,0,0,0,0,0,0,0,1,0,0,0,0,0,0,1,0
1,53.0,2,0,51.4792,S, Mrs,1,0,0,0,0,0,0,0,0,0,0,0,0,1,0,0,0,0,0,1,1
1,71.0,0,0,49.5042,C, Mr,0,0,0,0,0,0,0,0,0,0,0,0,1,0,0,0,0,0,0,0,0
1,47.0,1,0,227.525,C, Col,0,1,0,0,0,0,0,0,0,0,0,0,0,0,0,0,0,0,0,0,0
1,18.0,1,0,227.525,C, Mrs,1,0,0,0,0,0,0,0,0,0,0,0,0,1,0,0,0,0,0,0,1
1,24.0,0,0,69.3,C, Mme,1,0,0,0,0,0,0,0,0,0,0,1,0,0,0,0,0,0,0,0,1
1,26.0,0,0,78.85,S, Miss,1,0,0,0,0,0,0,0,0,1,0,0,0,0,0,0,0,0,0,1,1
1,80.0,0,0,30.0,S, Mr,0,0,0,0,0,0,0,0,0,0,0,0,1,0,0,0,0,0,0,1,1
1,29.881137667304014,0,0,25.925,S, Mr,0,0,0,0,0,0,0,0,0,0,0,0,1,0,0,0,0,0,0,1,0
1,24.0,0,1,247.5208,C, Mr,0,0,0,0,0,0,0,0,0,0,0,0,1,0,0,0,0,0,0,0,0
1,50.0,0,1,247.5208,C, Mrs,1,0,0,0,0,0,0,0,0,0,0,0,0,1,0,0,0,0,0,0,1
1,32.0,0,0,76.2917,C, Miss,1,0,0,0,0,0,0,0,0,1,0,0,0,0,0,0,0,0,0,0,1
1,36.0,0,0,75.2417,C, Mr,0,0,0,0,0,0,0,0,0,0,0,0,1,0,0,0,0,0,0,0,0
1,37.0,1,1,52.5542,S, Mr,0,0,0,0,0,0,0,0,0,0,0,0,1,0,0,0,0,0,0,1,1
1,47.0,1,1,52.5542,S, Mrs,1,0,0,0,0,0,0,0,0,0,0,0,0,1,0,0,0,0,0,1,1
1,26.0,0,0,30.0,C, Mr,0,0,0,0,0,0,0,0,0,0,0,0,1,0,0,0,0,0,0,0,1
1,42.0,0,0,227.525,C, Miss,1,0,0,0,0,0,0,0,0,1,0,0,0,0,0,0,0,0,0,0,1
1,29.0,0,0,221.7792,S, Miss,1,0,0,0,0,0,0,0,0,1,0,0,0,0,0,0,0,0,0,1,1
1,25.0,0,0,26.0,C, Mr,0,0,0,0,0,0,0,0,0,0,0,0,1,0,0,0,0,0,0,0,0
1,25.0,1,0,91.0792,C, Mr,0,0,0,0,0,0,0,0,0,0,0,0,1,0,0,0,0,0,0,0,1
1,19.0,1,0,91.0792,C, Mrs,1,0,0,0,0,0,0,0,0,0,0,0,0,1,0,0,0,0,0,0,1
1,35.0,0,0,135.6333,S, Miss,1,0,0,0,0,0,0,0,0,1,0,0,0,0,0,0,0,0,0,1,1
1,28.0,0,0,26.55,S, Mr,0,0,0,0,0,0,0,0,0,0,0,0,1,0,0,0,0,0,0,1,1
1,45.0,0,0,35.5,S, Mr,0,0,0,0,0,0,0,0,0,0,0,0,1,0,0,0,0,0,0,1,0
1,40.0,0,0,31.0,C, Mr,0,0,0,0,0,0,0,0,0,0,0,0,1,0,0,0,0,0,0,0,1
1,30.0,0,0,164.8667,S, Miss,1,0,0,0,0,0,0,0,0,1,0,0,0,0,0,0,0,0,0,1,1
1,58.0,0,0,26.55,S, Miss,1,0,0,0,0,0,0,0,0,1,0,0,0,0,0,0,0,0,0,1,1
1,42.0,0,0,26.55,S, Mr,0,0,0,0,0,0,0,0,0,0,0,0,1,0,0,0,0,0,0,1,0
1,45.0,0,0,262.375,C, Miss,1,0,0,0,0,0,0,0,0,1,0,0,0,0,0,0,0,0,0,0,1
1,22.0,0,1,55.0,S, Miss,1,0,0,0,0,0,0,0,0,1,0,0,0,0,0,0,0,0,0,1,1
1,29.881137667304014,0,0,26.55,S, Mr,0,0,0,0,0,0,0,0,0,0,0,0,1,0,0,0,0,0,0,1,1
1,41.0,0,0,30.5,S, Mr,0,0,0,0,0,0,0,0,0,0,0,0,1,0,0,0,0,0,0,1,0
1,48.0,0,0,50.4958,C, Mr,0,0,0,0,0,0,0,0,0,0,0,0,1,0,0,0,0,0,0,0,0
1,29.881137667304014,0,0,39.6,C, Dr,0,0,0,0,1,0,0,0,0,0,0,0,0,0,0,0,0,0,0,0,0
1,44.0,0,0,27.7208,C, Mrs,1,0,0,0,0,0,0,0,0,0,0,0,0,1,0,0,0,0,0,0,1
1,59.0,2,0,51.4792,S, Mrs,1,0,0,0,0,0,0,0,0,0,0,0,0,1,0,0,0,0,0,1,1
1,60.0,0,0,76.2917,C, Mrs,1,0,0,0,0,0,0,0,0,0,0,0,0,1,0,0,0,0,0,0,1
1,41.0,0,0,134.5,C, Miss,1,0,0,0,0,0,0,0,0,1,0,0,0,0,0,0,0,0,0,0,1
1,45.0,0,0,26.55,S, Major,0,0,0,0,0,0,0,1,0,0,0,0,0,0,0,0,0,0,0,1,0
1,29.881137667304014,0,0,31.0,S, Mr,0,0,0,0,0,0,0,0,0,0,0,0,1,0,0,0,0,0,0,1,0
1,42.0,0,0,26.2875,S, Mr,0,0,0,0,0,0,0,0,0,0,0,0,1,0,0,0,0,0,0,1,1
1,53.0,0,0,27.4458,C, Mrs,1,0,0,0,0,0,0,0,0,0,0,0,0,1,0,0,0,0,0,0,1
1,36.0,0,1,512.3292,C, Mr,0,0,0,0,0,0,0,0,0,0,0,0,1,0,0,0,0,0,0,0,1
1,58.0,0,1,512.3292,C, Mrs,1,0,0,0,0,0,0,0,0,0,0,0,0,1,0,0,0,0,0,0,1
1,33.0,0,0,5.0,S, Mr,0,0,0,0,0,0,0,0,0,0,0,0,1,0,0,0,0,0,0,1,0
1,28.0,0,0,47.1,S, Mr,0,0,0,0,0,0,0,0,0,0,0,0,1,0,0,0,0,0,0,1,0
1,17.0,0,0,47.1,S, Mr,0,0,0,0,0,0,0,0,0,0,0,0,1,0,0,0,0,0,0,1,0
1,11.0,1,2,120.0,S, Master,0,0,0,0,0,0,0,0,1,0,0,0,0,0,0,0,0,0,0,1,1
1,14.0,1,2,120.0,S, Miss,1,0,0,0,0,0,0,0,0,1,0,0,0,0,0,0,0,0,0,1,1
1,36.0,1,2,120.0,S, Mr,0,0,0,0,0,0,0,0,0,0,0,0,1,0,0,0,0,0,0,1,1
1,36.0,1,2,120.0,S, Mrs,1,0,0,0,0,0,0,0,0,0,0,0,0,1,0,0,0,0,0,1,1
1,49.0,0,0,26.0,S, Mr,0,0,0,0,0,0,0,0,0,0,0,0,1,0,0,0,0,0,0,1,0
1,29.881137667304014,0,0,27.7208,C, Mrs,1,0,0,0,0,0,0,0,0,0,0,0,0,1,0,0,0,0,0,0,1
1,36.0,1,0,78.85,S, Mr,0,0,0,0,0,0,0,0,0,0,0,0,1,0,0,0,0,0,0,1,0
1,76.0,1,0,78.85,S, Mrs,1,0,0,0,0,0,0,0,0,0,0,0,0,1,0,0,0,0,0,1,1
1,46.0,1,0,61.175,S, Mr,0,0,0,0,0,0,0,0,0,0,0,0,1,0,0,0,0,0,0,1,0
1,47.0,1,0,61.175,S, Mrs,1,0,0,0,0,0,0,0,0,0,0,0,0,1,0,0,0,0,0,1,1
1,27.0,1,0,53.1,S, Mr,0,0,0,0,0,0,0,0,0,0,0,0,1,0,0,0,0,0,0,1,1
1,33.0,1,0,53.1,S, Mrs,1,0,0,0,0,0,0,0,0,0,0,0,0,1,0,0,0,0,0,1,1
1,36.0,0,0,262.375,C, Miss,1,0,0,0,0,0,0,0,0,1,0,0,0,0,0,0,0,0,0,0,1
1,30.0,0,0,86.5,S, Miss,1,0,0,0,0,0,0,0,0,1,0,0,0,0,0,0,0,0,0,1,1
1,45.0,0,0,29.7,C, Mr,0,0,0,0,0,0,0,0,0,0,0,0,1,0,0,0,0,0,0,0,1
1,29.881137667304014,0,1,55.0,S, Mrs,1,0,0,0,0,0,0,0,0,0,0,0,0,1,0,0,0,0,0,1,1
1,29.881137667304014,0,0,0.0,S, Mr,0,0,0,0,0,0,0,0,0,0,0,0,1,0,0,0,0,0,0,1,0
1,27.0,1,0,136.7792,C, Mr,0,0,0,0,0,0,0,0,0,0,0,0,1,0,0,0,0,0,0,0,0
1,26.0,1,0,136.7792,C, Mrs,1,0,0,0,0,0,0,0,0,0,0,0,0,1,0,0,0,0,0,0,1
1,22.0,0,0,151.55,S, Miss,1,0,0,0,0,0,0,0,0,1,0,0,0,0,0,0,0,0,0,1,1
1,29.881137667304014,0,0,52.0,S, Mr,0,0,0,0,0,0,0,0,0,0,0,0,1,0,0,0,0,0,0,1,0
1,47.0,0,0,25.5875,S, Mr,0,0,0,0,0,0,0,0,0,0,0,0,1,0,0,0,0,0,0,1,0
1,39.0,1,1,83.1583,C, Miss,1,0,0,0,0,0,0,0,0,1,0,0,0,0,0,0,0,0,0,0,1
1,37.0,1,1,83.1583,C, Mr,0,0,0,0,0,0,0,0,0,0,0,0,1,0,0,0,0,0,0,0,0
1,64.0,0,2,83.1583,C, Mrs,1,0,0,0,0,0,0,0,0,0,0,0,0,1,0,0,0,0,0,0,1
1,55.0,2,0,25.7,S, Mrs,1,0,0,0,0,0,0,0,0,0,0,0,0,1,0,0,0,0,0,1,1
1,29.881137667304014,0,0,26.55,S, Mr,0,0,0,0,0,0,0,0,0,0,0,0,1,0,0,0,0,0,0,1,0
1,70.0,1,1,71.0,S, Capt,0,0,0,0,0,0,0,0,0,0,0,0,0,0,0,0,0,0,0,1,0
1,36.0,0,2,71.0,S, Miss,1,0,0,0,0,0,0,0,0,1,0,0,0,0,0,0,0,0,0,1,1
1,64.0,1,1,26.55,S, Mrs,1,0,0,0,0,0,0,0,0,0,0,0,0,1,0,0,0,0,0,1,1
1,39.0,1,0,71.2833,C, Mr,0,0,0,0,0,0,0,0,0,0,0,0,1,0,0,0,0,0,0,0,0
1,38.0,1,0,71.2833,C, Mrs,1,0,0,0,0,0,0,0,0,0,0,0,0,1,0,0,0,0,0,0,1
1,51.0,0,0,26.55,S, Mr,0,0,0,0,0,0,0,0,0,0,0,0,1,0,0,0,0,0,0,1,1
1,27.0,0,0,30.5,S, Mr,0,0,0,0,0,0,0,0,0,0,0,0,1,0,0,0,0,0,0,1,1
1,33.0,0,0,151.55,S, Miss,1,0,0,0,0,0,0,0,0,1,0,0,0,0,0,0,0,0,0,1,1
1,31.0,1,0,52.0,S, Mr,0,0,0,0,0,0,0,0,0,0,0,0,1,0,0,0,0,0,0,1,0
1,27.0,1,2,52.0,S, Mrs,1,0,0,0,0,0,0,0,0,0,0,0,0,1,0,0,0,0,0,1,1
1,31.0,1,0,57.0,S, Mr,0,0,0,0,0,0,0,0,0,0,0,0,1,0,0,0,0,0,0,1,1
1,17.0,1,0,57.0,S, Mrs,1,0,0,0,0,0,0,0,0,0,0,0,0,1,0,0,0,0,0,1,1
1,53.0,1,1,81.8583,S, Dr,0,0,0,0,1,0,0,0,0,0,0,0,0,0,0,0,0,0,0,1,1
1,4.0,0,2,81.8583,S, Master,0,0,0,0,0,0,0,0,1,0,0,0,0,0,0,0,0,0,0,1,1
1,54.0,1,1,81.8583,S, Mrs,1,0,0,0,0,0,0,0,0,0,0,0,0,1,0,0,0,0,0,1,1
1,50.0,1,0,106.425,C, Mr,0,0,0,0,0,0,0,0,0,0,0,0,1,0,0,0,0,0,0,0,0
1,27.0,1,1,247.5208,C, Mrs,1,0,0,0,0,0,0,0,0,0,0,0,0,1,0,0,0,0,0,0,1
1,48.0,1,0,106.425,C, Mrs,1,0,0,0,0,0,0,0,0,0,0,0,0,1,0,0,0,0,0,0,1
1,48.0,1,0,39.6,C, Lady,1,0,0,0,0,0,1,0,0,0,0,0,0,0,0,0,0,0,0,0,1
1,49.0,1,0,56.9292,C, Sir,0,0,0,0,0,0,0,0,0,0,0,0,0,0,0,0,1,0,0,0,1
1,39.0,0,0,29.7,C, Mr,0,0,0,0,0,0,0,0,0,0,0,0,1,0,0,0,0,0,0,0,0
1,23.0,0,1,83.1583,C, Mrs,1,0,0,0,0,0,0,0,0,0,0,0,0,1,0,0,0,0,0,0,1
1,38.0,0,0,227.525,C, Miss,1,0,0,0,0,0,0,0,0,1,0,0,0,0,0,0,0,0,0,0,1
1,54.0,1,0,78.2667,C, Miss,1,0,0,0,0,0,0,0,0,1,0,0,0,0,0,0,0,0,0,0,1
1,36.0,0,0,31.6792,C, Miss,1,0,0,0,0,0,0,0,0,1,0,0,0,0,0,0,0,0,0,0,0
1,29.881137667304014,0,0,221.7792,S, Mr,0,0,0,0,0,0,0,0,0,0,0,0,1,0,0,0,0,0,0,1,0
1,29.881137667304014,0,0,31.6833,S, Mrs,1,0,0,0,0,0,0,0,0,0,0,0,0,1,0,0,0,0,0,1,1
1,29.881137667304014,0,0,110.8833,C, Miss,1,0,0,0,0,0,0,0,0,1,0,0,0,0,0,0,0,0,0,0,1
1,36.0,0,0,26.3875,S, Mr,0,0,0,0,0,0,0,0,0,0,0,0,1,0,0,0,0,0,0,1,1
1,30.0,0,0,27.75,C, Mr,0,0,0,0,0,0,0,0,0,0,0,0,1,0,0,0,0,0,0,0,0
1,24.0,3,2,263.0,S, Miss,1,0,0,0,0,0,0,0,0,1,0,0,0,0,0,0,0,0,0,1,1
1,28.0,3,2,263.0,S, Miss,1,0,0,0,0,0,0,0,0,1,0,0,0,0,0,0,0,0,0,1,1
1,23.0,3,2,263.0,S, Miss,1,0,0,0,0,0,0,0,0,1,0,0,0,0,0,0,0,0,0,1,1
1,19.0,3,2,263.0,S, Mr,0,0,0,0,0,0,0,0,0,0,0,0,1,0,0,0,0,0,0,1,0
1,64.0,1,4,263.0,S, Mr,0,0,0,0,0,0,0,0,0,0,0,0,1,0,0,0,0,0,0,1,0
1,60.0,1,4,263.0,S, Mrs,1,0,0,0,0,0,0,0,0,0,0,0,0,1,0,0,0,0,0,1,1
1,30.0,0,0,56.9292,C, Miss,1,0,0,0,0,0,0,0,0,1,0,0,0,0,0,0,0,0,0,0,1
1,29.881137667304014,0,0,26.55,S, Mr,0,0,0,0,0,0,0,0,0,0,0,0,1,0,0,0,0,0,0,1,0
1,50.0,2,0,133.65,S, Dr,0,0,0,0,1,0,0,0,0,0,0,0,0,0,0,0,0,0,0,1,1
1,43.0,1,0,27.7208,C, Mr,0,0,0,0,0,0,0,0,0,0,0,0,1,0,0,0,0,0,0,0,1
1,29.881137667304014,1,0,133.65,S, Mrs,1,0,0,0,0,0,0,0,0,0,0,0,0,1,0,0,0,0,0,1,1
1,22.0,0,2,49.5,C, Miss,1,0,0,0,0,0,0,0,0,1,0,0,0,0,0,0,0,0,0,0,1
1,60.0,1,1,79.2,C, Mr,0,0,0,0,0,0,0,0,0,0,0,0,1,0,0,0,0,0,0,0,1
1,48.0,1,1,79.2,C, Mrs,1,0,0,0,0,0,0,0,0,0,0,0,0,1,0,0,0,0,0,0,1
1,29.881137667304014,0,0,0.0,S, Mr,0,0,0,0,0,0,0,0,0,0,0,0,1,0,0,0,0,0,0,1,0
1,37.0,1,0,53.1,S, Mr,0,0,0,0,0,0,0,0,0,0,0,0,1,0,0,0,0,0,0,1,0
1,35.0,1,0,53.1,S, Mrs,1,0,0,0,0,0,0,0,0,0,0,0,0,1,0,0,0,0,0,1,1
1,47.0,0,0,38.5,S, Mr,0,0,0,0,0,0,0,0,0,0,0,0,1,0,0,0,0,0,0,1,0
1,35.0,0,0,211.5,C, Miss,1,0,0,0,0,0,0,0,0,1,0,0,0,0,0,0,0,0,0,0,1
1,22.0,0,1,59.4,C, Miss,1,0,0,0,0,0,0,0,0,1,0,0,0,0,0,0,0,0,0,0,1
1,45.0,0,1,59.4,C, Mrs,1,0,0,0,0,0,0,0,0,0,0,0,0,1,0,0,0,0,0,0,1
1,24.0,0,0,79.2,C, Mr,0,0,0,0,0,0,0,0,0,0,0,0,1,0,0,0,0,0,0,0,0
1,49.0,1,0,89.1042,C, Mr,0,0,0,0,0,0,0,0,0,0,0,0,1,0,0,0,0,0,0,0,1
1,29.881137667304014,1,0,89.1042,C, Mrs,1,0,0,0,0,0,0,0,0,0,0,0,0,1,0,0,0,0,0,0,1
1,71.0,0,0,34.6542,C, Mr,0,0,0,0,0,0,0,0,0,0,0,0,1,0,0,0,0,0,0,0,0
1,53.0,0,0,28.5,C, Col,0,1,0,0,0,0,0,0,0,0,0,0,0,0,0,0,0,0,0,0,1
1,19.0,0,0,30.0,S, Miss,1,0,0,0,0,0,0,0,0,1,0,0,0,0,0,0,0,0,0,1,1
1,38.0,0,1,153.4625,S, Mr,0,0,0,0,0,0,0,0,0,0,0,0,1,0,0,0,0,0,0,1,0
1,58.0,0,1,153.4625,S, Mrs,1,0,0,0,0,0,0,0,0,0,0,0,0,1,0,0,0,0,0,1,1
1,23.0,0,1,63.3583,C, Mr,0,0,0,0,0,0,0,0,0,0,0,0,1,0,0,0,0,0,0,0,1
1,45.0,0,1,63.3583,C, Mrs,1,0,0,0,0,0,0,0,0,0,0,0,0,1,0,0,0,0,0,0,1
1,46.0,0,0,79.2,C, Mr,0,0,0,0,0,0,0,0,0,0,0,0,1,0,0,0,0,0,0,0,0
1,25.0,1,0,55.4417,C, Mr,0,0,0,0,0,0,0,0,0,0,0,0,1,0,0,0,0,0,0,0,1
1,25.0,1,0,55.4417,C, Mrs,1,0,0,0,0,0,0,0,0,0,0,0,0,1,0,0,0,0,0,0,1
1,48.0,1,0,76.7292,C, Mr,0,0,0,0,0,0,0,0,0,0,0,0,1,0,0,0,0,0,0,0,1
1,49.0,1,0,76.7292,C, Mrs,1,0,0,0,0,0,0,0,0,0,0,0,0,1,0,0,0,0,0,0,1
1,29.881137667304014,0,0,42.4,S, Mr,0,0,0,0,0,0,0,0,0,0,0,0,1,0,0,0,0,0,0,1,0
1,45.0,1,0,83.475,S, Mr,0,0,0,0,0,0,0,0,0,0,0,0,1,0,0,0,0,0,0,1,0
1,35.0,1,0,83.475,S, Mrs,1,0,0,0,0,0,0,0,0,0,0,0,0,1,0,0,0,0,0,1,1
1,40.0,0,0,0.0,S, Mr,0,0,0,0,0,0,0,0,0,0,0,0,1,0,0,0,0,0,0,1,0
1,27.0,0,0,76.7292,C, Mr,0,0,0,0,0,0,0,0,0,0,0,0,1,0,0,0,0,0,0,0,1
1,29.881137667304014,0,0,30.0,S, Mr,0,0,0,0,0,0,0,0,0,0,0,0,1,0,0,0,0,0,0,1,1
1,24.0,0,0,83.1583,C, Miss,1,0,0,0,0,0,0,0,0,1,0,0,0,0,0,0,0,0,0,0,1
1,55.0,1,1,93.5,S, Mr,0,0,0,0,0,0,0,0,0,0,0,0,1,0,0,0,0,0,0,1,0
1,52.0,1,1,93.5,S, Mrs,1,0,0,0,0,0,0,0,0,0,0,0,0,1,0,0,0,0,0,1,1
1,42.0,0,0,42.5,S, Mr,0,0,0,0,0,0,0,0,0,0,0,0,1,0,0,0,0,0,0,1,0
1,29.881137667304014,0,0,51.8625,S, Mr,0,0,0,0,0,0,0,0,0,0,0,0,1,0,0,0,0,0,0,1,0
1,55.0,0,0,50.0,S, Mr,0,0,0,0,0,0,0,0,0,0,0,0,1,0,0,0,0,0,0,1,0
1,16.0,0,1,57.9792,C, Miss,1,0,0,0,0,0,0,0,0,1,0,0,0,0,0,0,0,0,0,0,1
1,44.0,0,1,57.9792,C, Mrs,1,0,0,0,0,0,0,0,0,0,0,0,0,1,0,0,0,0,0,0,1
1,51.0,1,0,77.9583,S, Mrs,1,0,0,0,0,0,0,0,0,0,0,0,0,1,0,0,0,0,0,1,1
1,42.0,1,0,52.0,S, Mr,0,0,0,0,0,0,0,0,0,0,0,0,1,0,0,0,0,0,0,1,0
1,35.0,1,0,52.0,S, Mrs,1,0,0,0,0,0,0,0,0,0,0,0,0,1,0,0,0,0,0,1,1
1,35.0,0,0,26.55,C, Mr,0,0,0,0,0,0,0,0,0,0,0,0,1,0,0,0,0,0,0,0,1
1,38.0,1,0,90.0,S, Mr,0,0,0,0,0,0,0,0,0,0,0,0,1,0,0,0,0,0,0,1,1
1,29.881137667304014,0,0,30.6958,C, Mr,0,0,0,0,0,0,0,0,0,0,0,0,1,0,0,0,0,0,0,0,0
1,35.0,1,0,90.0,S, Mrs,1,0,0,0,0,0,0,0,0,0,0,0,0,1,0,0,0,0,0,1,1
1,38.0,0,0,80.0,S, Miss,1,0,0,0,0,0,0,0,0,1,0,0,0,0,0,0,0,0,0,1,1
1,50.0,0,0,28.7125,C, Miss,1,0,0,0,0,0,0,0,0,1,0,0,0,0,0,0,0,0,0,0,0
1,49.0,0,0,0.0,S, Mr,0,0,0,0,0,0,0,0,0,0,0,0,1,0,0,0,0,0,0,1,1
1,46.0,0,0,26.0,S, Mr,0,0,0,0,0,0,0,0,0,0,0,0,1,0,0,0,0,0,0,1,0
1,50.0,0,0,26.0,S, Mr,0,0,0,0,0,0,0,0,0,0,0,0,1,0,0,0,0,0,0,1,0
1,32.5,0,0,211.5,C, Mr,0,0,0,0,0,0,0,0,0,0,0,0,1,0,0,0,0,0,0,0,0
1,58.0,0,0,29.7,C, Mr,0,0,0,0,0,0,0,0,0,0,0,0,1,0,0,0,0,0,0,0,0
1,41.0,1,0,51.8625,S, Mr,0,0,0,0,0,0,0,0,0,0,0,0,1,0,0,0,0,0,0,1,0
1,29.881137667304014,1,0,51.8625,S, Mrs,1,0,0,0,0,0,0,0,0,0,0,0,0,1,0,0,0,0,0,1,1
1,42.0,1,0,52.5542,S, Mr,0,0,0,0,0,0,0,0,0,0,0,0,1,0,0,0,0,0,0,1,1
1,45.0,1,0,52.5542,S, Mrs,1,0,0,0,0,0,0,0,0,0,0,0,0,1,0,0,0,0,0,1,1
1,29.881137667304014,0,0,26.55,S, Mr,0,0,0,0,0,0,0,0,0,0,0,0,1,0,0,0,0,0,0,1,0
1,39.0,0,0,211.3375,S, Miss,1,0,0,0,0,0,0,0,0,1,0,0,0,0,0,0,0,0,0,1,1
1,49.0,0,0,25.9292,S, Dr,1,0,0,0,1,0,0,0,0,0,0,0,0,0,0,0,0,0,0,1,1
1,30.0,0,0,106.425,C, Miss,1,0,0,0,0,0,0,0,0,1,0,0,0,0,0,0,0,0,0,0,1
1,35.0,0,0,512.3292,C, Mr,0,0,0,0,0,0,0,0,0,0,0,0,1,0,0,0,0,0,0,0,1
1,29.881137667304014,0,0,27.7208,C, Mr,0,0,0,0,0,0,0,0,0,0,0,0,1,0,0,0,0,0,0,0,0
1,42.0,0,0,26.55,S, Mr,0,0,0,0,0,0,0,0,0,0,0,0,1,0,0,0,0,0,0,1,0
1,55.0,0,0,27.7208,C, Mrs,1,0,0,0,0,0,0,0,0,0,0,0,0,1,0,0,0,0,0,0,1
1,16.0,0,1,39.4,S, Miss,1,0,0,0,0,0,0,0,0,1,0,0,0,0,0,0,0,0,0,1,1
1,51.0,0,1,39.4,S, Mrs,1,0,0,0,0,0,0,0,0,0,0,0,0,1,0,0,0,0,0,1,1
1,29.0,0,0,30.0,S, Mr,0,0,0,0,0,0,0,0,0,0,0,0,1,0,0,0,0,0,0,1,0
1,21.0,0,0,77.9583,S, Miss,1,0,0,0,0,0,0,0,0,1,0,0,0,0,0,0,0,0,0,1,1
1,30.0,0,0,45.5,S, Mr,0,0,0,0,0,0,0,0,0,0,0,0,1,0,0,0,0,0,0,1,0
1,58.0,0,0,146.5208,C, Miss,1,0,0,0,0,0,0,0,0,1,0,0,0,0,0,0,0,0,0,0,1
1,15.0,0,1,211.3375,S, Miss,1,0,0,0,0,0,0,0,0,1,0,0,0,0,0,0,0,0,0,1,1
1,30.0,0,0,26.0,S, Mr,0,0,0,0,0,0,0,0,0,0,0,0,1,0,0,0,0,0,0,1,0
1,16.0,0,0,86.5,S, Miss,1,0,0,0,0,0,0,0,0,1,0,0,0,0,0,0,0,0,0,1,1
1,29.881137667304014,0,0,29.7,C, Mr,0,0,0,0,0,0,0,0,0,0,0,0,1,0,0,0,0,0,0,0,1
1,19.0,1,0,53.1,S, Mr,0,0,0,0,0,0,0,0,0,0,0,0,1,0,0,0,0,0,0,1,0
1,18.0,1,0,53.1,S, Mrs,1,0,0,0,0,0,0,0,0,0,0,0,0,1,0,0,0,0,0,1,1
1,24.0,0,0,49.5042,C, Mlle,1,0,0,0,0,0,0,0,0,0,1,0,0,0,0,0,0,0,0,0,1
1,46.0,0,0,75.2417,C, Mr,0,0,0,0,0,0,0,0,0,0,0,0,1,0,0,0,0,0,0,0,0
1,54.0,0,0,51.8625,S, Mr,0,0,0,0,0,0,0,0,0,0,0,0,1,0,0,0,0,0,0,1,0
1,36.0,0,0,26.2875,S, Mr,0,0,0,0,0,0,0,0,0,0,0,0,1,0,0,0,0,0,0,1,1
1,28.0,1,0,82.1708,C, Mr,0,0,0,0,0,0,0,0,0,0,0,0,1,0,0,0,0,0,0,0,0
1,29.881137667304014,1,0,82.1708,C, Mrs,1,0,0,0,0,0,0,0,0,0,0,0,0,1,0,0,0,0,0,0,1
1,65.0,0,0,26.55,S, Mr,0,0,0,0,0,0,0,0,0,0,0,0,1,0,0,0,0,0,0,1,0
1,44.0,2,0,90.0,Q, Dr,0,0,0,0,1,0,0,0,0,0,0,0,0,0,0,0,0,0,1,0,0
1,33.0,1,0,90.0,Q, Miss,1,0,0,0,0,0,0,0,0,1,0,0,0,0,0,0,0,0,1,0,1
1,37.0,1,0,90.0,Q, Mrs,1,0,0,0,0,0,0,0,0,0,0,0,0,1,0,0,0,0,1,0,1
1,30.0,1,0,57.75,C, Mr,0,0,0,0,0,0,0,0,0,0,0,0,1,0,0,0,0,0,0,0,1
1,55.0,0,0,30.5,S, Mr,0,0,0,0,0,0,0,0,0,0,0,0,1,0,0,0,0,0,0,1,0
1,47.0,0,0,42.4,S, Mr,0,0,0,0,0,0,0,0,0,0,0,0,1,0,0,0,0,0,0,1,0
1,37.0,0,1,29.7,C, Mr,0,0,0,0,0,0,0,0,0,0,0,0,1,0,0,0,0,0,0,0,0
1,31.0,1,0,113.275,C, Miss,1,0,0,0,0,0,0,0,0,1,0,0,0,0,0,0,0,0,0,0,1
1,23.0,1,0,113.275,C, Miss,1,0,0,0,0,0,0,0,0,1,0,0,0,0,0,0,0,0,0,0,1
1,58.0,0,2,113.275,C, Mr,0,0,0,0,0,0,0,0,0,0,0,0,1,0,0,0,0,0,0,0,0
1,19.0,0,2,26.2833,S, Miss,1,0,0,0,0,0,0,0,0,1,0,0,0,0,0,0,0,0,0,1,1
1,64.0,0,0,26.0,S, Mr,0,0,0,0,0,0,0,0,0,0,0,0,1,0,0,0,0,0,0,1,0
1,39.0,0,0,108.9,C, Dona,1,0,0,1,0,0,0,0,0,0,0,0,0,0,0,0,0,0,0,0,1
1,29.881137667304014,0,0,25.7417,C, Mr,0,0,0,0,0,0,0,0,0,0,0,0,1,0,0,0,0,0,0,0,1
1,22.0,0,1,61.9792,C, Miss,1,0,0,0,0,0,0,0,0,1,0,0,0,0,0,0,0,0,0,0,1
1,65.0,0,1,61.9792,C, Mr,0,0,0,0,0,0,0,0,0,0,0,0,1,0,0,0,0,0,0,0,0
1,28.5,0,0,27.7208,C, Mr,0,0,0,0,0,0,0,0,0,0,0,0,1,0,0,0,0,0,0,0,0
1,29.881137667304014,0,0,0.0,S, Mr,0,0,0,0,0,0,0,0,0,0,0,0,1,0,0,0,0,0,0,1,0
1,45.5,0,0,28.5,S, Mr,0,0,0,0,0,0,0,0,0,0,0,0,1,0,0,0,0,0,0,1,0
1,23.0,0,0,93.5,S, Mr,0,0,0,0,0,0,0,0,0,0,0,0,1,0,0,0,0,0,0,1,0
1,29.0,1,0,66.6,S, Mr,0,0,0,0,0,0,0,0,0,0,0,0,1,0,0,0,0,0,0,1,0
1,22.0,1,0,66.6,S, Mrs,1,0,0,0,0,0,0,0,0,0,0,0,0,1,0,0,0,0,0,1,1
1,18.0,1,0,108.9,C, Mr,0,0,0,0,0,0,0,0,0,0,0,0,1,0,0,0,0,0,0,0,0
1,17.0,1,0,108.9,C, Mrs,1,0,0,0,0,0,0,0,0,0,0,0,0,1,0,0,0,0,0,0,1
1,30.0,0,0,93.5,S, Miss,1,0,0,0,0,0,0,0,0,1,0,0,0,0,0,0,0,0,0,1,1
1,52.0,0,0,30.5,S, Major,0,0,0,0,0,0,0,1,0,0,0,0,0,0,0,0,0,0,0,1,1
1,47.0,0,0,52.0,S, Mr,0,0,0,0,0,0,0,0,0,0,0,0,1,0,0,0,0,0,0,1,0
1,56.0,0,1,83.1583,C, Mrs,1,0,0,0,0,0,0,0,0,0,0,0,0,1,0,0,0,0,0,0,1
1,38.0,0,0,0.0,S, Jonkheer,0,0,0,0,0,1,0,0,0,0,0,0,0,0,0,0,0,0,0,1,0
1,29.881137667304014,0,0,39.6,S, Mr,0,0,0,0,0,0,0,0,0,0,0,0,1,0,0,0,0,0,0,1,1
1,22.0,0,0,135.6333,C, Mr,0,0,0,0,0,0,0,0,0,0,0,0,1,0,0,0,0,0,0,0,0
1,29.881137667304014,0,0,227.525,C, Mr,0,0,0,0,0,0,0,0,0,0,0,0,1,0,0,0,0,0,0,0,0
1,43.0,0,1,211.3375,S, Mrs,1,0,0,0,0,0,0,0,0,0,0,0,0,1,0,0,0,0,0,1,1
1,31.0,0,0,50.4958,S, Mr,0,0,0,0,0,0,0,0,0,0,0,0,1,0,0,0,0,0,0,1,0
1,45.0,0,0,26.55,S, Mr,0,0,0,0,0,0,0,0,0,0,0,0,1,0,0,0,0,0,0,1,1
1,29.881137667304014,0,0,50.0,S, Mr,0,0,0,0,0,0,0,0,0,0,0,0,1,0,0,0,0,0,0,1,0
1,33.0,0,0,27.7208,C, Miss,1,0,0,0,0,0,0,0,0,1,0,0,0,0,0,0,0,0,0,0,1
1,46.0,0,0,79.2,C, Mr,0,0,0,0,0,0,0,0,0,0,0,0,1,0,0,0,0,0,0,0,0
1,36.0,0,0,40.125,C, Mr,0,0,0,0,0,0,0,0,0,0,0,0,1,0,0,0,0,0,0,0,0
1,33.0,0,0,86.5,S, the Countess,1,0,0,0,0,0,0,0,0,0,0,0,0,0,0,0,0,1,0,1,1
1,55.0,1,0,59.4,C, Mr,0,0,0,0,0,0,0,0,0,0,0,0,1,0,0,0,0,0,0,0,0
1,54.0,1,0,59.4,C, Mrs,1,0,0,0,0,0,0,0,0,0,0,0,0,1,0,0,0,0,0,0,1
1,33.0,0,0,26.55,S, Mr,0,0,0,0,0,0,0,0,0,0,0,0,1,0,0,0,0,0,0,1,0
1,13.0,2,2,262.375,C, Master,0,0,0,0,0,0,0,0,1,0,0,0,0,0,0,0,0,0,0,0,1
1,18.0,2,2,262.375,C, Miss,1,0,0,0,0,0,0,0,0,1,0,0,0,0,0,0,0,0,0,0,1
1,21.0,2,2,262.375,C, Miss,1,0,0,0,0,0,0,0,0,1,0,0,0,0,0,0,0,0,0,0,1
1,61.0,1,3,262.375,C, Mr,0,0,0,0,0,0,0,0,0,0,0,0,1,0,0,0,0,0,0,0,0
1,48.0,1,3,262.375,C, Mrs,1,0,0,0,0,0,0,0,0,0,0,0,0,1,0,0,0,0,0,0,1
1,29.881137667304014,0,0,30.5,S, Mr,0,0,0,0,0,0,0,0,0,0,0,0,1,0,0,0,0,0,0,1,1
1,24.0,0,0,69.3,C, Mlle,1,0,0,0,0,0,0,0,0,0,1,0,0,0,0,0,0,0,0,0,1
1,29.881137667304014,0,0,26.0,S, Mr,0,0,0,0,0,0,0,0,0,0,0,0,1,0,0,0,0,0,0,1,1
1,35.0,1,0,57.75,C, Mrs,1,0,0,0,0,0,0,0,0,0,0,0,0,1,0,0,0,0,0,0,1
1,30.0,0,0,31.0,C, Miss,1,0,0,0,0,0,0,0,0,1,0,0,0,0,0,0,0,0,0,0,1
1,34.0,0,0,26.55,S, Mr,0,0,0,0,0,0,0,0,0,0,0,0,1,0,0,0,0,0,0,1,1
1,40.0,0,0,153.4625,S, Miss,1,0,0,0,0,0,0,0,0,1,0,0,0,0,0,0,0,0,0,1,1
1,35.0,0,0,26.2875,S, Mr,0,0,0,0,0,0,0,0,0,0,0,0,1,0,0,0,0,0,0,1,1
1,50.0,1,0,55.9,S, Mr,0,0,0,0,0,0,0,0,0,0,0,0,1,0,0,0,0,0,0,1,0
1,39.0,1,0,55.9,S, Mrs,1,0,0,0,0,0,0,0,0,0,0,0,0,1,0,0,0,0,0,1,1
1,56.0,0,0,35.5,C, Col,0,1,0,0,0,0,0,0,0,0,0,0,0,0,0,0,0,0,0,0,1
1,28.0,0,0,35.5,S, Mr,0,0,0,0,0,0,0,0,0,0,0,0,1,0,0,0,0,0,0,1,1
1,56.0,0,0,26.55,S, Mr,0,0,0,0,0,0,0,0,0,0,0,0,1,0,0,0,0,0,0,1,0
1,56.0,0,0,30.6958,C, Mr,0,0,0,0,0,0,0,0,0,0,0,0,1,0,0,0,0,0,0,0,0
1,24.0,1,0,60.0,S, Mr,0,0,0,0,0,0,0,0,0,0,0,0,1,0,0,0,0,0,0,1,0
1,29.881137667304014,0,0,26.0,S, Mr,0,0,0,0,0,0,0,0,0,0,0,0,1,0,0,0,0,0,0,1,0
1,18.0,1,0,60.0,S, Mrs,1,0,0,0,0,0,0,0,0,0,0,0,0,1,0,0,0,0,0,1,1
1,24.0,1,0,82.2667,S, Mr,0,0,0,0,0,0,0,0,0,0,0,0,1,0,0,0,0,0,0,1,1
1,23.0,1,0,82.2667,S, Mrs,1,0,0,0,0,0,0,0,0,0,0,0,0,1,0,0,0,0,0,1,1
1,6.0,0,2,134.5,C, Master,0,0,0,0,0,0,0,0,1,0,0,0,0,0,0,0,0,0,0,0,1
1,45.0,1,1,134.5,C, Mr,0,0,0,0,0,0,0,0,0,0,0,0,1,0,0,0,0,0,0,0,1
1,40.0,1,1,134.5,C, Mrs,1,0,0,0,0,0,0,0,0,0,0,0,0,1,0,0,0,0,0,0,1
1,57.0,1,0,146.5208,C, Mr,0,0,0,0,0,0,0,0,0,0,0,0,1,0,0,0,0,0,0,0,0
1,29.881137667304014,1,0,146.5208,C, Mrs,1,0,0,0,0,0,0,0,0,0,0,0,0,1,0,0,0,0,0,0,1
1,32.0,0,0,30.5,C, Dr,0,0,0,0,1,0,0,0,0,0,0,0,0,0,0,0,0,0,0,0,1
1,62.0,0,0,26.55,S, Mr,0,0,0,0,0,0,0,0,0,0,0,0,1,0,0,0,0,0,0,1,0
1,54.0,1,0,55.4417,C, Mr,0,0,0,0,0,0,0,0,0,0,0,0,1,0,0,0,0,0,0,0,1
1,43.0,1,0,55.4417,C, Mrs,1,0,0,0,0,0,0,0,0,0,0,0,0,1,0,0,0,0,0,0,1
1,52.0,1,0,78.2667,C, Mrs,1,0,0,0,0,0,0,0,0,0,0,0,0,1,0,0,0,0,0,0,1
1,29.881137667304014,0,0,27.7208,C, Mr,0,0,0,0,0,0,0,0,0,0,0,0,1,0,0,0,0,0,0,0,0
1,62.0,0,0,80.0,S, Mrs,1,0,0,0,0,0,0,0,0,0,0,0,0,1,0,0,0,0,0,1,1
1,67.0,1,0,221.7792,S, Mr,0,0,0,0,0,0,0,0,0,0,0,0,1,0,0,0,0,0,0,1,0
1,63.0,1,0,221.7792,S, Mrs,1,0,0,0,0,0,0,0,0,0,0,0,0,1,0,0,0,0,0,1,0
1,61.0,0,0,32.3208,S, Mr,0,0,0,0,0,0,0,0,0,0,0,0,1,0,0,0,0,0,0,1,0
1,48.0,0,0,25.9292,S, Mrs,1,0,0,0,0,0,0,0,0,0,0,0,0,1,0,0,0,0,0,1,1
1,18.0,0,2,79.65,S, Miss,1,0,0,0,0,0,0,0,0,1,0,0,0,0,0,0,0,0,0,1,1
1,52.0,1,1,79.65,S, Mr,0,0,0,0,0,0,0,0,0,0,0,0,1,0,0,0,0,0,0,1,0
1,39.0,1,1,79.65,S, Mrs,1,0,0,0,0,0,0,0,0,0,0,0,0,1,0,0,0,0,0,1,1
1,48.0,1,0,52.0,S, Mr,0,0,0,0,0,0,0,0,0,0,0,0,1,0,0,0,0,0,0,1,1
1,29.881137667304014,1,0,52.0,S, Mrs,1,0,0,0,0,0,0,0,0,0,0,0,0,1,0,0,0,0,0,1,1
1,49.0,1,1,110.8833,C, Mr,0,0,0,0,0,0,0,0,0,0,0,0,1,0,0,0,0,0,0,0,0
1,17.0,0,2,110.8833,C, Mr,0,0,0,0,0,0,0,0,0,0,0,0,1,0,0,0,0,0,0,0,1
1,39.0,1,1,110.8833,C, Mrs,1,0,0,0,0,0,0,0,0,0,0,0,0,1,0,0,0,0,0,0,1
1,29.881137667304014,0,0,79.2,C, Mrs,1,0,0,0,0,0,0,0,0,0,0,0,0,1,0,0,0,0,0,0,1
1,31.0,0,0,28.5375,C, Mr,0,0,0,0,0,0,0,0,0,0,0,0,1,0,0,0,0,0,0,0,1
1,40.0,0,0,27.7208,C, Don,0,0,1,0,0,0,0,0,0,0,0,0,0,0,0,0,0,0,0,0,0
1,61.0,0,0,33.5,S, Mr,0,0,0,0,0,0,0,0,0,0,0,0,1,0,0,0,0,0,0,1,0
1,47.0,0,0,34.0208,S, Mr,0,0,0,0,0,0,0,0,0,0,0,0,1,0,0,0,0,0,0,1,0
1,35.0,0,0,512.3292,C, Miss,1,0,0,0,0,0,0,0,0,1,0,0,0,0,0,0,0,0,0,0,1
1,64.0,1,0,75.25,C, Mr,0,0,0,0,0,0,0,0,0,0,0,0,1,0,0,0,0,0,0,0,0
1,60.0,1,0,75.25,C, Mrs,1,0,0,0,0,0,0,0,0,0,0,0,0,1,0,0,0,0,0,0,1
1,60.0,0,0,26.55,S, Col,0,1,0,0,0,0,0,0,0,0,0,0,0,0,0,0,0,0,0,1,0
1,54.0,0,1,77.2875,S, Mr,0,0,0,0,0,0,0,0,0,0,0,0,1,0,0,0,0,0,0,1,0
1,21.0,0,1,77.2875,S, Mr,0,0,0,0,0,0,0,0,0,0,0,0,1,0,0,0,0,0,0,1,0
1,55.0,0,0,135.6333,C, Mrs,1,0,0,0,0,0,0,0,0,0,0,0,0,1,0,0,0,0,0,0,1
1,31.0,0,2,164.8667,S, Miss,1,0,0,0,0,0,0,0,0,1,0,0,0,0,0,0,0,0,0,1,1
1,57.0,1,1,164.8667,S, Mr,0,0,0,0,0,0,0,0,0,0,0,0,1,0,0,0,0,0,0,1,0
1,45.0,1,1,164.8667,S, Mrs,1,0,0,0,0,0,0,0,0,0,0,0,0,1,0,0,0,0,0,1,1
1,50.0,1,1,211.5,C, Mr,0,0,0,0,0,0,0,0,0,0,0,0,1,0,0,0,0,0,0,0,0
1,27.0,0,2,211.5,C, Mr,0,0,0,0,0,0,0,0,0,0,0,0,1,0,0,0,0,0,0,0,0
1,50.0,1,1,211.5,C, Mrs,1,0,0,0,0,0,0,0,0,0,0,0,0,1,0,0,0,0,0,0,1
1,21.0,0,0,26.55,S, Miss,1,0,0,0,0,0,0,0,0,1,0,0,0,0,0,0,0,0,0,1,1
1,51.0,0,1,61.3792,C, Mr,0,0,0,0,0,0,0,0,0,0,0,0,1,0,0,0,0,0,0,0,0
1,21.0,0,1,61.3792,C, Mr,0,0,0,0,0,0,0,0,0,0,0,0,1,0,0,0,0,0,0,0,1
1,29.881137667304014,0,0,35.0,S, Mr,0,0,0,0,0,0,0,0,0,0,0,0,1,0,0,0,0,0,0,1,0
1,31.0,0,0,134.5,C, Miss,1,0,0,0,0,0,0,0,0,1,0,0,0,0,0,0,0,0,0,0,1
1,29.881137667304014,0,0,35.5,S, Mr,0,0,0,0,0,0,0,0,0,0,0,0,1,0,0,0,0,0,0,1,1
1,62.0,0,0,26.55,S, Mr,0,0,0,0,0,0,0,0,0,0,0,0,1,0,0,0,0,0,0,1,0
1,36.0,0,0,135.6333,C, Miss,1,0,0,0,0,0,0,0,0,1,0,0,0,0,0,0,0,0,0,0,1
2,30.0,1,0,24.0,C, Mr,0,0,0,0,0,0,0,0,0,0,0,0,1,0,0,0,0,0,0,0,0
2,28.0,1,0,24.0,C, Mrs,1,0,0,0,0,0,0,0,0,0,0,0,0,1,0,0,0,0,0,0,1
2,30.0,0,0,13.0,S, Mr,0,0,0,0,0,0,0,0,0,0,0,0,1,0,0,0,0,0,0,1,0
2,18.0,0,0,11.5,S, Mr,0,0,0,0,0,0,0,0,0,0,0,0,1,0,0,0,0,0,0,1,0
2,25.0,0,0,10.5,S, Mr,0,0,0,0,0,0,0,0,0,0,0,0,1,0,0,0,0,0,0,1,0
2,34.0,1,0,26.0,S, Mr,0,0,0,0,0,0,0,0,0,0,0,0,1,0,0,0,0,0,0,1,0
2,36.0,1,0,26.0,S, Mrs,1,0,0,0,0,0,0,0,0,0,0,0,0,1,0,0,0,0,0,1,1
2,57.0,0,0,13.0,S, Mr,0,0,0,0,0,0,0,0,0,0,0,0,1,0,0,0,0,0,0,1,0
2,18.0,0,0,11.5,S, Mr,0,0,0,0,0,0,0,0,0,0,0,0,1,0,0,0,0,0,0,1,0
2,23.0,0,0,10.5,S, Mr,0,0,0,0,0,0,0,0,0,0,0,0,1,0,0,0,0,0,0,1,0
2,36.0,0,0,13.0,S, Mrs,1,0,0,0,0,0,0,0,0,0,0,0,0,1,0,0,0,0,0,1,1
2,28.0,0,0,10.5,S, Mr,0,0,0,0,0,0,0,0,0,0,0,0,1,0,0,0,0,0,0,1,0
2,51.0,0,0,12.525,S, Rev,0,0,0,0,0,0,0,0,0,0,0,0,0,0,0,1,0,0,0,1,0
2,32.0,1,0,26.0,S, Mr,0,0,0,0,0,0,0,0,0,0,0,0,1,0,0,0,0,0,0,1,1
2,19.0,1,0,26.0,S, Mrs,1,0,0,0,0,0,0,0,0,0,0,0,0,1,0,0,0,0,0,1,1
2,28.0,0,0,26.0,S, Mr,0,0,0,0,0,0,0,0,0,0,0,0,1,0,0,0,0,0,0,1,0
2,1.0,2,1,39.0,S, Master,0,0,0,0,0,0,0,0,1,0,0,0,0,0,0,0,0,0,0,1,1
2,4.0,2,1,39.0,S, Miss,1,0,0,0,0,0,0,0,0,1,0,0,0,0,0,0,0,0,0,1,1
2,12.0,2,1,39.0,S, Miss,1,0,0,0,0,0,0,0,0,1,0,0,0,0,0,0,0,0,0,1,1
2,36.0,0,3,39.0,S, Mrs,1,0,0,0,0,0,0,0,0,0,0,0,0,1,0,0,0,0,0,1,1
2,34.0,0,0,13.0,S, Mr,0,0,0,0,0,0,0,0,0,0,0,0,1,0,0,0,0,0,0,1,1
2,19.0,0,0,13.0,S, Miss,1,0,0,0,0,0,0,0,0,1,0,0,0,0,0,0,0,0,0,1,1
2,23.0,0,0,13.0,S, Mr,0,0,0,0,0,0,0,0,0,0,0,0,1,0,0,0,0,0,0,1,0
2,26.0,0,0,13.0,S, Mr,0,0,0,0,0,0,0,0,0,0,0,0,1,0,0,0,0,0,0,1,0
2,42.0,0,0,13.0,S, Mr,0,0,0,0,0,0,0,0,0,0,0,0,1,0,0,0,0,0,0,1,0
2,27.0,0,0,13.0,S, Mr,0,0,0,0,0,0,0,0,0,0,0,0,1,0,0,0,0,0,0,1,0
2,24.0,0,0,13.0,S, Miss,1,0,0,0,0,0,0,0,0,1,0,0,0,0,0,0,0,0,0,1,1
2,15.0,0,2,39.0,S, Miss,1,0,0,0,0,0,0,0,0,1,0,0,0,0,0,0,0,0,0,1,1
2,60.0,1,1,39.0,S, Mr,0,0,0,0,0,0,0,0,0,0,0,0,1,0,0,0,0,0,0,1,0
2,40.0,1,1,39.0,S, Mrs,1,0,0,0,0,0,0,0,0,0,0,0,0,1,0,0,0,0,0,1,1
2,20.0,1,0,26.0,S, Miss,1,0,0,0,0,0,0,0,0,1,0,0,0,0,0,0,0,0,0,1,1
2,25.0,1,0,26.0,S, Mr,0,0,0,0,0,0,0,0,0,0,0,0,1,0,0,0,0,0,0,1,0
2,36.0,0,0,13.0,S, Miss,1,0,0,0,0,0,0,0,0,1,0,0,0,0,0,0,0,0,0,1,1
2,25.0,0,0,13.0,S, Mr,0,0,0,0,0,0,0,0,0,0,0,0,1,0,0,0,0,0,0,1,0
2,42.0,0,0,13.0,S, Rev,0,0,0,0,0,0,0,0,0,0,0,0,0,0,0,1,0,0,0,1,0
2,42.0,0,0,13.0,S, Mrs,1,0,0,0,0,0,0,0,0,0,0,0,0,1,0,0,0,0,0,1,1
2,0.83,0,2,29.0,S, Master,0,0,0,0,0,0,0,0,1,0,0,0,0,0,0,0,0,0,0,1,1
2,26.0,1,1,29.0,S, Mr,0,0,0,0,0,0,0,0,0,0,0,0,1,0,0,0,0,0,0,1,1
2,22.0,1,1,29.0,S, Mrs,1,0,0,0,0,0,0,0,0,0,0,0,0,1,0,0,0,0,0,1,1
2,35.0,0,0,21.0,S, Miss,1,0,0,0,0,0,0,0,0,1,0,0,0,0,0,0,0,0,0,1,1
2,29.881137667304014,0,0,0.0,S, Mr,0,0,0,0,0,0,0,0,0,0,0,0,1,0,0,0,0,0,0,1,0
2,19.0,0,0,13.0,S, Mr,0,0,0,0,0,0,0,0,0,0,0,0,1,0,0,0,0,0,0,1,0
2,44.0,1,0,26.0,S, Mrs,1,0,0,0,0,0,0,0,0,0,0,0,0,1,0,0,0,0,0,1,0
2,54.0,1,0,26.0,S, Rev,0,0,0,0,0,0,0,0,0,0,0,0,0,0,0,1,0,0,0,1,0
2,52.0,0,0,13.5,S, Mr,0,0,0,0,0,0,0,0,0,0,0,0,1,0,0,0,0,0,0,1,0
2,37.0,1,0,26.0,S, Mr,0,0,0,0,0,0,0,0,0,0,0,0,1,0,0,0,0,0,0,1,0
2,29.0,1,0,26.0,S, Mrs,1,0,0,0,0,0,0,0,0,0,0,0,0,1,0,0,0,0,0,1,0
2,25.0,1,1,30.0,S, Miss,1,0,0,0,0,0,0,0,0,1,0,0,0,0,0,0,0,0,0,1,1
2,45.0,0,2,30.0,S, Mrs,1,0,0,0,0,0,0,0,0,0,0,0,0,1,0,0,0,0,0,1,1
2,29.0,1,0,26.0,S, Mr,0,0,0,0,0,0,0,0,0,0,0,0,1,0,0,0,0,0,0,1,0
2,28.0,1,0,26.0,S, Mrs,1,0,0,0,0,0,0,0,0,0,0,0,0,1,0,0,0,0,0,1,1
2,29.0,0,0,10.5,S, Mr,0,0,0,0,0,0,0,0,0,0,0,0,1,0,0,0,0,0,0,1,0
2,28.0,0,0,13.0,S, Mr,0,0,0,0,0,0,0,0,0,0,0,0,1,0,0,0,0,0,0,1,0
2,24.0,0,0,10.5,S, Mr,0,0,0,0,0,0,0,0,0,0,0,0,1,0,0,0,0,0,0,1,1
2,8.0,0,2,26.25,S, Miss,1,0,0,0,0,0,0,0,0,1,0,0,0,0,0,0,0,0,0,1,1
2,31.0,1,1,26.25,S, Mr,0,0,0,0,0,0,0,0,0,0,0,0,1,0,0,0,0,0,0,1,0
2,31.0,1,1,26.25,S, Mrs,1,0,0,0,0,0,0,0,0,0,0,0,0,1,0,0,0,0,0,1,1
2,22.0,0,0,10.5,S, Mrs,1,0,0,0,0,0,0,0,0,0,0,0,0,1,0,0,0,0,0,1,1
2,30.0,0,0,13.0,S, Mrs,1,0,0,0,0,0,0,0,0,0,0,0,0,1,0,0,0,0,0,1,0
2,29.881137667304014,0,0,21.0,S, Mrs,1,0,0,0,0,0,0,0,0,0,0,0,0,1,0,0,0,0,0,1,0
2,21.0,0,0,11.5,S, Mr,0,0,0,0,0,0,0,0,0,0,0,0,1,0,0,0,0,0,0,1,0
2,29.881137667304014,0,0,0.0,S, Mr,0,0,0,0,0,0,0,0,0,0,0,0,1,0,0,0,0,0,0,1,0
2,8.0,1,1,36.75,S, Master,0,0,0,0,0,0,0,0,1,0,0,0,0,0,0,0,0,0,0,1,1
2,18.0,0,0,73.5,S, Mr,0,0,0,0,0,0,0,0,0,0,0,0,1,0,0,0,0,0,0,1,0
2,48.0,0,2,36.75,S, Mrs,1,0,0,0,0,0,0,0,0,0,0,0,0,1,0,0,0,0,0,1,1
2,28.0,0,0,13.0,S, Miss,1,0,0,0,0,0,0,0,0,1,0,0,0,0,0,0,0,0,0,1,1
2,32.0,0,0,13.0,S, Mr,0,0,0,0,0,0,0,0,0,0,0,0,1,0,0,0,0,0,0,1,0
2,17.0,0,0,73.5,S, Mr,0,0,0,0,0,0,0,0,0,0,0,0,1,0,0,0,0,0,0,1,0
2,29.0,1,0,27.7208,C, Mr,0,0,0,0,0,0,0,0,0,0,0,0,1,0,0,0,0,0,0,0,0
2,24.0,1,0,27.7208,C, Mrs,1,0,0,0,0,0,0,0,0,0,0,0,0,1,0,0,0,0,0,0,1
2,25.0,0,0,31.5,S, Mr,0,0,0,0,0,0,0,0,0,0,0,0,1,0,0,0,0,0,0,1,0
2,18.0,0,0,73.5,S, Mr,0,0,0,0,0,0,0,0,0,0,0,0,1,0,0,0,0,0,0,1,0
2,18.0,0,1,23.0,S, Miss,1,0,0,0,0,0,0,0,0,1,0,0,0,0,0,0,0,0,0,1,1
2,34.0,0,1,23.0,S, Mrs,1,0,0,0,0,0,0,0,0,0,0,0,0,1,0,0,0,0,0,1,1
2,54.0,0,0,26.0,S, Mr,0,0,0,0,0,0,0,0,0,0,0,0,1,0,0,0,0,0,0,1,0
2,8.0,0,2,32.5,S, Master,0,0,0,0,0,0,0,0,1,0,0,0,0,0,0,0,0,0,0,1,1
2,42.0,1,1,32.5,S, Mr,0,0,0,0,0,0,0,0,0,0,0,0,1,0,0,0,0,0,0,1,0
2,34.0,1,1,32.5,S, Mrs,1,0,0,0,0,0,0,0,0,0,0,0,0,1,0,0,0,0,0,1,1
2,27.0,1,0,13.8583,C, Miss,1,0,0,0,0,0,0,0,0,1,0,0,0,0,0,0,0,0,0,0,1
2,30.0,1,0,13.8583,C, Miss,1,0,0,0,0,0,0,0,0,1,0,0,0,0,0,0,0,0,0,0,1
2,23.0,0,0,13.0,S, Mr,0,0,0,0,0,0,0,0,0,0,0,0,1,0,0,0,0,0,0,1,0
2,21.0,0,0,13.0,S, Mr,0,0,0,0,0,0,0,0,0,0,0,0,1,0,0,0,0,0,0,1,0
2,18.0,0,0,13.0,S, Mr,0,0,0,0,0,0,0,0,0,0,0,0,1,0,0,0,0,0,0,1,0
2,40.0,1,0,26.0,S, Mr,0,0,0,0,0,0,0,0,0,0,0,0,1,0,0,0,0,0,0,1,0
2,29.0,1,0,26.0,S, Mrs,1,0,0,0,0,0,0,0,0,0,0,0,0,1,0,0,0,0,0,1,1
2,18.0,0,0,10.5,S, Mr,0,0,0,0,0,0,0,0,0,0,0,0,1,0,0,0,0,0,0,1,0
2,36.0,0,0,13.0,S, Mr,0,0,0,0,0,0,0,0,0,0,0,0,1,0,0,0,0,0,0,1,0
2,29.881137667304014,0,0,0.0,S, Mr,0,0,0,0,0,0,0,0,0,0,0,0,1,0,0,0,0,0,0,1,0
2,38.0,0,0,13.0,S, Miss,1,0,0,0,0,0,0,0,0,1,0,0,0,0,0,0,0,0,0,1,0
2,35.0,0,0,26.0,S, Mr,0,0,0,0,0,0,0,0,0,0,0,0,1,0,0,0,0,0,0,1,0
2,38.0,1,0,21.0,S, Mr,0,0,0,0,0,0,0,0,0,0,0,0,1,0,0,0,0,0,0,1,0
2,34.0,1,0,21.0,S, Mr,0,0,0,0,0,0,0,0,0,0,0,0,1,0,0,0,0,0,0,1,0
2,34.0,0,0,13.0,S, Miss,1,0,0,0,0,0,0,0,0,1,0,0,0,0,0,0,0,0,0,1,1
2,16.0,0,0,26.0,S, Mr,0,0,0,0,0,0,0,0,0,0,0,0,1,0,0,0,0,0,0,1,0
2,26.0,0,0,10.5,S, Mr,0,0,0,0,0,0,0,0,0,0,0,0,1,0,0,0,0,0,0,1,0
2,47.0,0,0,10.5,S, Mr,0,0,0,0,0,0,0,0,0,0,0,0,1,0,0,0,0,0,0,1,0
2,21.0,1,0,11.5,S, Mr,0,0,0,0,0,0,0,0,0,0,0,0,1,0,0,0,0,0,0,1,0
2,21.0,1,0,11.5,S, Mr,0,0,0,0,0,0,0,0,0,0,0,0,1,0,0,0,0,0,0,1,0
2,24.0,0,0,13.5,S, Mr,0,0,0,0,0,0,0,0,0,0,0,0,1,0,0,0,0,0,0,1,0
2,24.0,0,0,13.0,S, Mr,0,0,0,0,0,0,0,0,0,0,0,0,1,0,0,0,0,0,0,1,0
2,34.0,0,0,13.0,S, Mr,0,0,0,0,0,0,0,0,0,0,0,0,1,0,0,0,0,0,0,1,0
2,30.0,0,0,13.0,S, Mr,0,0,0,0,0,0,0,0,0,0,0,0,1,0,0,0,0,0,0,1,0
2,52.0,0,0,13.0,S, Mr,0,0,0,0,0,0,0,0,0,0,0,0,1,0,0,0,0,0,0,1,0
2,30.0,0,0,13.0,S, Mr,0,0,0,0,0,0,0,0,0,0,0,0,1,0,0,0,0,0,0,1,0
2,0.67,1,1,14.5,S, Master,0,0,0,0,0,0,0,0,1,0,0,0,0,0,0,0,0,0,0,1,1
2,24.0,0,2,14.5,S, Mrs,1,0,0,0,0,0,0,0,0,0,0,0,0,1,0,0,0,0,0,1,1
2,44.0,0,0,13.0,S, Mr,0,0,0,0,0,0,0,0,0,0,0,0,1,0,0,0,0,0,0,1,0
2,6.0,0,1,33.0,S, Miss,1,0,0,0,0,0,0,0,0,1,0,0,0,0,0,0,0,0,0,1,1
2,28.0,0,1,33.0,S, Rev,0,0,0,0,0,0,0,0,0,0,0,0,0,0,0,1,0,0,0,1,0
2,62.0,0,0,10.5,S, Mr,0,0,0,0,0,0,0,0,0,0,0,0,1,0,0,0,0,0,0,1,1
2,30.0,0,0,10.5,S, Mr,0,0,0,0,0,0,0,0,0,0,0,0,1,0,0,0,0,0,0,1,0
2,7.0,0,2,26.25,S, Miss,1,0,0,0,0,0,0,0,0,1,0,0,0,0,0,0,0,0,0,1,1
2,43.0,1,1,26.25,S, Mr,0,0,0,0,0,0,0,0,0,0,0,0,1,0,0,0,0,0,0,1,0
2,45.0,1,1,26.25,S, Mrs,1,0,0,0,0,0,0,0,0,0,0,0,0,1,0,0,0,0,0,1,1
2,24.0,1,2,65.0,S, Miss,1,0,0,0,0,0,0,0,0,1,0,0,0,0,0,0,0,0,0,1,1
2,24.0,1,2,65.0,S, Miss,1,0,0,0,0,0,0,0,0,1,0,0,0,0,0,0,0,0,0,1,1
2,49.0,1,2,65.0,S, Mr,0,0,0,0,0,0,0,0,0,0,0,0,1,0,0,0,0,0,0,1,0
2,48.0,1,2,65.0,S, Mrs,1,0,0,0,0,0,0,0,0,0,0,0,0,1,0,0,0,0,0,1,1
2,55.0,0,0,16.0,S, Mrs,1,0,0,0,0,0,0,0,0,0,0,0,0,1,0,0,0,0,0,1,1
2,24.0,2,0,73.5,S, Mr,0,0,0,0,0,0,0,0,0,0,0,0,1,0,0,0,0,0,0,1,0
2,32.0,2,0,73.5,S, Mr,0,0,0,0,0,0,0,0,0,0,0,0,1,0,0,0,0,0,0,1,0
2,21.0,2,0,73.5,S, Mr,0,0,0,0,0,0,0,0,0,0,0,0,1,0,0,0,0,0,0,1,0
2,18.0,1,1,13.0,S, Miss,1,0,0,0,0,0,0,0,0,1,0,0,0,0,0,0,0,0,0,1,0
2,20.0,2,1,23.0,S, Miss,1,0,0,0,0,0,0,0,0,1,0,0,0,0,0,0,0,0,0,1,1
2,23.0,2,1,11.5,S, Mr,0,0,0,0,0,0,0,0,0,0,0,0,1,0,0,0,0,0,0,1,0
2,36.0,0,0,13.0,S, Mr,0,0,0,0,0,0,0,0,0,0,0,0,1,0,0,0,0,0,0,1,0
2,54.0,1,3,23.0,S, Mrs,1,0,0,0,0,0,0,0,0,0,0,0,0,1,0,0,0,0,0,1,1
2,50.0,0,0,13.0,S, Mr,0,0,0,0,0,0,0,0,0,0,0,0,1,0,0,0,0,0,0,1,0
2,44.0,1,0,26.0,S, Mr,0,0,0,0,0,0,0,0,0,0,0,0,1,0,0,0,0,0,0,1,0
2,29.0,1,0,26.0,S, Mrs,1,0,0,0,0,0,0,0,0,0,0,0,0,1,0,0,0,0,0,1,1
2,21.0,0,0,73.5,S, Mr,0,0,0,0,0,0,0,0,0,0,0,0,1,0,0,0,0,0,0,1,0
2,42.0,0,0,13.0,S, Mr,0,0,0,0,0,0,0,0,0,0,0,0,1,0,0,0,0,0,0,1,1
2,63.0,1,0,26.0,S, Mr,0,0,0,0,0,0,0,0,0,0,0,0,1,0,0,0,0,0,0,1,0
2,60.0,1,0,26.0,S, Mrs,1,0,0,0,0,0,0,0,0,0,0,0,0,1,0,0,0,0,0,1,0
2,33.0,0,0,12.275,S, Mr,0,0,0,0,0,0,0,0,0,0,0,0,1,0,0,0,0,0,0,1,0
2,17.0,0,0,10.5,S, Miss,1,0,0,0,0,0,0,0,0,1,0,0,0,0,0,0,0,0,0,1,1
2,42.0,1,0,27.0,S, Mr,0,0,0,0,0,0,0,0,0,0,0,0,1,0,0,0,0,0,0,1,0
2,24.0,2,1,27.0,S, Mrs,1,0,0,0,0,0,0,0,0,0,0,0,0,1,0,0,0,0,0,1,1
2,47.0,0,0,15.0,S, Mr,0,0,0,0,0,0,0,0,0,0,0,0,1,0,0,0,0,0,0,1,0
2,24.0,2,0,31.5,S, Mr,0,0,0,0,0,0,0,0,0,0,0,0,1,0,0,0,0,0,0,1,0
2,22.0,2,0,31.5,S, Mr,0,0,0,0,0,0,0,0,0,0,0,0,1,0,0,0,0,0,0,1,0
2,32.0,0,0,10.5,S, Mr,0,0,0,0,0,0,0,0,0,0,0,0,1,0,0,0,0,0,0,1,0
2,23.0,0,0,13.7917,C, Mrs,1,0,0,0,0,0,0,0,0,0,0,0,0,1,0,0,0,0,0,0,1
2,34.0,1,0,26.0,S, Mr,0,0,0,0,0,0,0,0,0,0,0,0,1,0,0,0,0,0,0,1,0
2,24.0,1,0,26.0,S, Mrs,1,0,0,0,0,0,0,0,0,0,0,0,0,1,0,0,0,0,0,1,1
2,22.0,0,0,21.0,S, Mrs,1,0,0,0,0,0,0,0,0,0,0,0,0,1,0,0,0,0,0,1,0
2,29.881137667304014,0,0,12.35,Q, Miss,1,0,0,0,0,0,0,0,0,1,0,0,0,0,0,0,0,0,1,0,1
2,35.0,0,0,12.35,Q, Mr,0,0,0,0,0,0,0,0,0,0,0,0,1,0,0,0,0,0,1,0,0
2,45.0,0,0,13.5,S, Mrs,1,0,0,0,0,0,0,0,0,0,0,0,0,1,0,0,0,0,0,1,1
2,57.0,0,0,12.35,Q, Rev,0,0,0,0,0,0,0,0,0,0,0,0,0,0,0,1,0,0,1,0,0
2,29.881137667304014,0,0,0.0,S, Mr,0,0,0,0,0,0,0,0,0,0,0,0,1,0,0,0,0,0,0,1,0
2,31.0,0,0,10.5,S, Mr,0,0,0,0,0,0,0,0,0,0,0,0,1,0,0,0,0,0,0,1,0
2,26.0,1,1,26.0,S, Mrs,1,0,0,0,0,0,0,0,0,0,0,0,0,1,0,0,0,0,0,1,0
2,30.0,1,1,26.0,S, Rev,0,0,0,0,0,0,0,0,0,0,0,0,0,0,0,1,0,0,0,1,0
2,29.881137667304014,0,0,10.7083,Q, Mr,0,0,0,0,0,0,0,0,0,0,0,0,1,0,0,0,0,0,1,0,0
2,1.0,1,2,41.5792,C, Miss,1,0,0,0,0,0,0,0,0,1,0,0,0,0,0,0,0,0,0,0,1
2,3.0,1,2,41.5792,C, Miss,1,0,0,0,0,0,0,0,0,1,0,0,0,0,0,0,0,0,0,0,1
2,25.0,1,2,41.5792,C, Mr,0,0,0,0,0,0,0,0,0,0,0,0,1,0,0,0,0,0,0,0,0
2,22.0,1,2,41.5792,C, Mrs,1,0,0,0,0,0,0,0,0,0,0,0,0,1,0,0,0,0,0,0,1
2,17.0,0,0,12.0,C, Miss,1,0,0,0,0,0,0,0,0,1,0,0,0,0,0,0,0,0,0,0,1
2,29.881137667304014,0,0,33.0,S, Miss,1,0,0,0,0,0,0,0,0,1,0,0,0,0,0,0,0,0,0,1,1
2,34.0,0,0,10.5,S, Mrs,1,0,0,0,0,0,0,0,0,0,0,0,0,1,0,0,0,0,0,1,1
2,36.0,0,0,12.875,C, Mr,0,0,0,0,0,0,0,0,0,0,0,0,1,0,0,0,0,0,0,0,0
2,24.0,0,0,10.5,S, Mr,0,0,0,0,0,0,0,0,0,0,0,0,1,0,0,0,0,0,0,1,0
2,61.0,0,0,12.35,Q, Mr,0,0,0,0,0,0,0,0,0,0,0,0,1,0,0,0,0,0,1,0,0
2,50.0,1,0,26.0,S, Mr,0,0,0,0,0,0,0,0,0,0,0,0,1,0,0,0,0,0,0,1,0
2,42.0,1,0,26.0,S, Mrs,1,0,0,0,0,0,0,0,0,0,0,0,0,1,0,0,0,0,0,1,1
2,57.0,0,0,10.5,S, Mrs,1,0,0,0,0,0,0,0,0,0,0,0,0,1,0,0,0,0,0,1,0
2,29.881137667304014,0,0,15.0458,C, Mr,0,0,0,0,0,0,0,0,0,0,0,0,1,0,0,0,0,0,0,0,0
2,1.0,0,2,37.0042,C, Master,0,0,0,0,0,0,0,0,1,0,0,0,0,0,0,0,0,0,0,0,1
2,31.0,1,1,37.0042,C, Mr,0,0,0,0,0,0,0,0,0,0,0,0,1,0,0,0,0,0,0,0,0
2,24.0,1,1,37.0042,C, Mrs,1,0,0,0,0,0,0,0,0,0,0,0,0,1,0,0,0,0,0,0,1
2,29.881137667304014,0,0,15.5792,C, Mr,0,0,0,0,0,0,0,0,0,0,0,0,1,0,0,0,0,0,0,0,0
2,30.0,0,0,13.0,S, Mr,0,0,0,0,0,0,0,0,0,0,0,0,1,0,0,0,0,0,0,1,0
2,40.0,0,0,16.0,S, Mr,0,0,0,0,0,0,0,0,0,0,0,0,1,0,0,0,0,0,0,1,0
2,32.0,0,0,13.5,S, Mr,0,0,0,0,0,0,0,0,0,0,0,0,1,0,0,0,0,0,0,1,0
2,30.0,0,0,13.0,S, Mr,0,0,0,0,0,0,0,0,0,0,0,0,1,0,0,0,0,0,0,1,0
2,46.0,0,0,26.0,S, Mr,0,0,0,0,0,0,0,0,0,0,0,0,1,0,0,0,0,0,0,1,0
2,13.0,0,1,19.5,S, Miss,1,0,0,0,0,0,0,0,0,1,0,0,0,0,0,0,0,0,0,1,1
2,41.0,0,1,19.5,S, Mrs,1,0,0,0,0,0,0,0,0,0,0,0,0,1,0,0,0,0,0,1,1
2,19.0,0,0,10.5,S, Mr,0,0,0,0,0,0,0,0,0,0,0,0,1,0,0,0,0,0,0,1,1
2,39.0,0,0,13.0,S, Mr,0,0,0,0,0,0,0,0,0,0,0,0,1,0,0,0,0,0,0,1,0
2,48.0,0,0,13.0,S, Mr,0,0,0,0,0,0,0,0,0,0,0,0,1,0,0,0,0,0,0,1,0
2,70.0,0,0,10.5,S, Mr,0,0,0,0,0,0,0,0,0,0,0,0,1,0,0,0,0,0,0,1,0
2,27.0,0,0,13.0,S, Rev,0,0,0,0,0,0,0,0,0,0,0,0,0,0,0,1,0,0,0,1,0
2,54.0,0,0,14.0,S, Dr,0,0,0,0,1,0,0,0,0,0,0,0,0,0,0,0,0,0,0,1,0
2,39.0,0,0,26.0,S, Mr,0,0,0,0,0,0,0,0,0,0,0,0,1,0,0,0,0,0,0,1,0
2,16.0,0,0,10.5,S, Mr,0,0,0,0,0,0,0,0,0,0,0,0,1,0,0,0,0,0,0,1,0
2,62.0,0,0,9.6875,Q, Mr,0,0,0,0,0,0,0,0,0,0,0,0,1,0,0,0,0,0,1,0,0
2,32.5,1,0,30.0708,C, Mr,0,0,0,0,0,0,0,0,0,0,0,0,1,0,0,0,0,0,0,0,0
2,14.0,1,0,30.0708,C, Mrs,1,0,0,0,0,0,0,0,0,0,0,0,0,1,0,0,0,0,0,0,1
2,2.0,1,1,26.0,S, Master,0,0,0,0,0,0,0,0,1,0,0,0,0,0,0,0,0,0,0,1,1
2,3.0,1,1,26.0,S, Master,0,0,0,0,0,0,0,0,1,0,0,0,0,0,0,0,0,0,0,1,1
2,36.5,0,2,26.0,S, Mr,0,0,0,0,0,0,0,0,0,0,0,0,1,0,0,0,0,0,0,1,0
2,26.0,0,0,13.0,S, Mr,0,0,0,0,0,0,0,0,0,0,0,0,1,0,0,0,0,0,0,1,0
2,19.0,1,1,36.75,S, Mr,0,0,0,0,0,0,0,0,0,0,0,0,1,0,0,0,0,0,0,1,0
2,28.0,0,0,13.5,S, Mr,0,0,0,0,0,0,0,0,0,0,0,0,1,0,0,0,0,0,0,1,0
2,20.0,0,0,13.8625,C, Mr,0,0,0,0,0,0,0,0,0,0,0,0,1,0,0,0,0,0,0,0,1
2,29.0,0,0,10.5,S, Mrs,1,0,0,0,0,0,0,0,0,0,0,0,0,1,0,0,0,0,0,1,1
2,39.0,0,0,13.0,S, Mr,0,0,0,0,0,0,0,0,0,0,0,0,1,0,0,0,0,0,0,1,0
2,22.0,0,0,10.5,S, Mr,0,0,0,0,0,0,0,0,0,0,0,0,1,0,0,0,0,0,0,1,1
2,29.881137667304014,0,0,13.8625,C, Mr,0,0,0,0,0,0,0,0,0,0,0,0,1,0,0,0,0,0,0,0,1
2,23.0,0,0,10.5,S, Dr,0,0,0,0,1,0,0,0,0,0,0,0,0,0,0,0,0,0,0,1,0
2,29.0,0,0,13.8583,C, Mr,0,0,0,0,0,0,0,0,0,0,0,0,1,0,0,0,0,0,0,0,1
2,28.0,0,0,10.5,S, Mr,0,0,0,0,0,0,0,0,0,0,0,0,1,0,0,0,0,0,0,1,0
2,29.881137667304014,0,0,0.0,S, Mr,0,0,0,0,0,0,0,0,0,0,0,0,1,0,0,0,0,0,0,1,0
2,50.0,0,1,26.0,S, Mrs,1,0,0,0,0,0,0,0,0,0,0,0,0,1,0,0,0,0,0,1,1
2,19.0,0,0,10.5,S, Mr,0,0,0,0,0,0,0,0,0,0,0,0,1,0,0,0,0,0,0,1,0
2,29.881137667304014,0,0,15.05,C, Mr,0,0,0,0,0,0,0,0,0,0,0,0,1,0,0,0,0,0,0,0,0
2,41.0,0,0,13.0,S, Rev,0,0,0,0,0,0,0,0,0,0,0,0,0,0,0,1,0,0,0,1,0
2,21.0,0,1,21.0,S, Miss,1,0,0,0,0,0,0,0,0,1,0,0,0,0,0,0,0,0,0,1,1
2,19.0,0,0,26.0,S, Miss,1,0,0,0,0,0,0,0,0,1,0,0,0,0,0,0,0,0,0,1,1
2,43.0,0,1,21.0,S, Mr,0,0,0,0,0,0,0,0,0,0,0,0,1,0,0,0,0,0,0,1,0
2,32.0,0,0,13.0,S, Mrs,1,0,0,0,0,0,0,0,0,0,0,0,0,1,0,0,0,0,0,1,1
2,34.0,0,0,13.0,S, Mr,0,0,0,0,0,0,0,0,0,0,0,0,1,0,0,0,0,0,0,1,0
2,30.0,0,0,12.7375,C, Mr,0,0,0,0,0,0,0,0,0,0,0,0,1,0,0,0,0,0,0,0,1
2,27.0,0,0,15.0333,C, Mr,0,0,0,0,0,0,0,0,0,0,0,0,1,0,0,0,0,0,0,0,0
2,2.0,1,1,26.0,S, Miss,1,0,0,0,0,0,0,0,0,1,0,0,0,0,0,0,0,0,0,1,1
2,8.0,1,1,26.0,S, Miss,1,0,0,0,0,0,0,0,0,1,0,0,0,0,0,0,0,0,0,1,1
2,33.0,0,2,26.0,S, Mrs,1,0,0,0,0,0,0,0,0,0,0,0,0,1,0,0,0,0,0,1,1
2,36.0,0,0,10.5,S, Mr,0,0,0,0,0,0,0,0,0,0,0,0,1,0,0,0,0,0,0,1,0
2,34.0,1,0,21.0,S, Mr,0,0,0,0,0,0,0,0,0,0,0,0,1,0,0,0,0,0,0,1,0
2,30.0,3,0,21.0,S, Mrs,1,0,0,0,0,0,0,0,0,0,0,0,0,1,0,0,0,0,0,1,1
2,28.0,0,0,13.0,S, Ms,1,0,0,0,0,0,0,0,0,0,0,0,0,0,1,0,0,0,0,1,1
2,23.0,0,0,15.0458,C, Mr,0,0,0,0,0,0,0,0,0,0,0,0,1,0,0,0,0,0,0,0,0
2,0.83,1,1,18.75,S, Master,0,0,0,0,0,0,0,0,1,0,0,0,0,0,0,0,0,0,0,1,1
2,3.0,1,1,18.75,S, Master,0,0,0,0,0,0,0,0,1,0,0,0,0,0,0,0,0,0,0,1,1
2,24.0,2,3,18.75,S, Mrs,1,0,0,0,0,0,0,0,0,0,0,0,0,1,0,0,0,0,0,1,1
2,50.0,0,0,10.5,S, Miss,1,0,0,0,0,0,0,0,0,1,0,0,0,0,0,0,0,0,0,1,1
2,19.0,0,0,10.5,S, Mr,0,0,0,0,0,0,0,0,0,0,0,0,1,0,0,0,0,0,0,1,0
2,21.0,0,0,10.5,S, Miss,1,0,0,0,0,0,0,0,0,1,0,0,0,0,0,0,0,0,0,1,1
2,26.0,0,0,13.0,S, Mr,0,0,0,0,0,0,0,0,0,0,0,0,1,0,0,0,0,0,0,1,0
2,25.0,0,0,13.0,S, Mr,0,0,0,0,0,0,0,0,0,0,0,0,1,0,0,0,0,0,0,1,0
2,27.0,0,0,26.0,S, Mr,0,0,0,0,0,0,0,0,0,0,0,0,1,0,0,0,0,0,0,1,0
2,25.0,0,1,26.0,S, Mrs,1,0,0,0,0,0,0,0,0,0,0,0,0,1,0,0,0,0,0,1,1
2,18.0,0,2,13.0,S, Miss,1,0,0,0,0,0,0,0,0,1,0,0,0,0,0,0,0,0,0,1,1
2,20.0,0,0,36.75,S, Miss,1,0,0,0,0,0,0,0,0,1,0,0,0,0,0,0,0,0,0,1,1
2,30.0,0,0,13.0,S, Miss,1,0,0,0,0,0,0,0,0,1,0,0,0,0,0,0,0,0,0,1,1
2,59.0,0,0,13.5,S, Mr,0,0,0,0,0,0,0,0,0,0,0,0,1,0,0,0,0,0,0,1,0
2,30.0,0,0,12.35,Q, Miss,1,0,0,0,0,0,0,0,0,1,0,0,0,0,0,0,0,0,1,0,1
2,35.0,0,0,10.5,S, Mr,0,0,0,0,0,0,0,0,0,0,0,0,1,0,0,0,0,0,0,1,0
2,40.0,0,0,13.0,S, Miss,1,0,0,0,0,0,0,0,0,1,0,0,0,0,0,0,0,0,0,1,1
2,25.0,0,0,13.0,S, Mr,0,0,0,0,0,0,0,0,0,0,0,0,1,0,0,0,0,0,0,1,0
2,41.0,0,0,15.0458,C, Mr,0,0,0,0,0,0,0,0,0,0,0,0,1,0,0,0,0,0,0,0,0
2,25.0,0,0,10.5,S, Mr,0,0,0,0,0,0,0,0,0,0,0,0,1,0,0,0,0,0,0,1,0
2,18.5,0,0,13.0,S, Mr,0,0,0,0,0,0,0,0,0,0,0,0,1,0,0,0,0,0,0,1,0
2,14.0,0,0,65.0,S, Mr,0,0,0,0,0,0,0,0,0,0,0,0,1,0,0,0,0,0,0,1,0
2,50.0,0,0,10.5,S, Miss,1,0,0,0,0,0,0,0,0,1,0,0,0,0,0,0,0,0,0,1,1
2,23.0,0,0,13.0,S, Mr,0,0,0,0,0,0,0,0,0,0,0,0,1,0,0,0,0,0,0,1,0
2,28.0,0,0,12.65,S, Mrs,1,0,0,0,0,0,0,0,0,0,0,0,0,1,0,0,0,0,0,1,1
2,27.0,0,0,10.5,S, Miss,1,0,0,0,0,0,0,0,0,1,0,0,0,0,0,0,0,0,0,1,1
2,29.0,1,0,21.0,S, Mr,0,0,0,0,0,0,0,0,0,0,0,0,1,0,0,0,0,0,0,1,0
2,27.0,1,0,21.0,S, Mrs,1,0,0,0,0,0,0,0,0,0,0,0,0,1,0,0,0,0,0,1,0
2,40.0,0,0,13.0,S, Mr,0,0,0,0,0,0,0,0,0,0,0,0,1,0,0,0,0,0,0,1,0
2,31.0,0,0,21.0,S, Miss,1,0,0,0,0,0,0,0,0,1,0,0,0,0,0,0,0,0,0,1,1
2,30.0,1,0,21.0,S, Mr,0,0,0,0,0,0,0,0,0,0,0,0,1,0,0,0,0,0,0,1,0
2,23.0,1,0,10.5,S, Mr,0,0,0,0,0,0,0,0,0,0,0,0,1,0,0,0,0,0,0,1,0
2,31.0,0,0,21.0,S, Mrs,1,0,0,0,0,0,0,0,0,0,0,0,0,1,0,0,0,0,0,1,1
2,29.881137667304014,0,0,0.0,S, Mr,0,0,0,0,0,0,0,0,0,0,0,0,1,0,0,0,0,0,0,1,0
2,12.0,0,0,15.75,S, Miss,1,0,0,0,0,0,0,0,0,1,0,0,0,0,0,0,0,0,0,1,1
2,40.0,0,0,15.75,S, Mrs,1,0,0,0,0,0,0,0,0,0,0,0,0,1,0,0,0,0,0,1,1
2,32.5,0,0,13.0,S, Miss,1,0,0,0,0,0,0,0,0,1,0,0,0,0,0,0,0,0,0,1,1
2,27.0,1,0,26.0,S, Mr,0,0,0,0,0,0,0,0,0,0,0,0,1,0,0,0,0,0,0,1,0
2,29.0,1,0,26.0,S, Mrs,1,0,0,0,0,0,0,0,0,0,0,0,0,1,0,0,0,0,0,1,1
2,2.0,1,1,23.0,S, Master,0,0,0,0,0,0,0,0,1,0,0,0,0,0,0,0,0,0,0,1,1
2,4.0,1,1,23.0,S, Miss,1,0,0,0,0,0,0,0,0,1,0,0,0,0,0,0,0,0,0,1,1
2,29.0,0,2,23.0,S, Mrs,1,0,0,0,0,0,0,0,0,0,0,0,0,1,0,0,0,0,0,1,1
2,0.92,1,2,27.75,S, Miss,1,0,0,0,0,0,0,0,0,1,0,0,0,0,0,0,0,0,0,1,1
2,5.0,1,2,27.75,S, Miss,1,0,0,0,0,0,0,0,0,1,0,0,0,0,0,0,0,0,0,1,1
2,36.0,1,2,27.75,S, Mr,0,0,0,0,0,0,0,0,0,0,0,0,1,0,0,0,0,0,0,1,0
2,33.0,1,2,27.75,S, Mrs,1,0,0,0,0,0,0,0,0,0,0,0,0,1,0,0,0,0,0,1,1
2,66.0,0,0,10.5,S, Mr,0,0,0,0,0,0,0,0,0,0,0,0,1,0,0,0,0,0,0,1,0
2,29.881137667304014,0,0,12.875,S, Mr,0,0,0,0,0,0,0,0,0,0,0,0,1,0,0,0,0,0,0,1,0
2,31.0,0,0,13.0,S, Mr,0,0,0,0,0,0,0,0,0,0,0,0,1,0,0,0,0,0,0,1,1
2,29.881137667304014,0,0,13.0,S, Mr,0,0,0,0,0,0,0,0,0,0,0,0,1,0,0,0,0,0,0,1,1
2,26.0,0,0,13.5,S, Miss,1,0,0,0,0,0,0,0,0,1,0,0,0,0,0,0,0,0,0,1,1
2,24.0,0,0,13.0,S, Miss,1,0,0,0,0,0,0,0,0,1,0,0,0,0,0,0,0,0,0,1,0
3,42.0,0,0,7.55,S, Mr,0,0,0,0,0,0,0,0,0,0,0,0,1,0,0,0,0,0,0,1,0
3,13.0,0,2,20.25,S, Master,0,0,0,0,0,0,0,0,1,0,0,0,0,0,0,0,0,0,0,1,0
3,16.0,1,1,20.25,S, Mr,0,0,0,0,0,0,0,0,0,0,0,0,1,0,0,0,0,0,0,1,0
3,35.0,1,1,20.25,S, Mrs,1,0,0,0,0,0,0,0,0,0,0,0,0,1,0,0,0,0,0,1,1
3,16.0,0,0,7.65,S, Miss,1,0,0,0,0,0,0,0,0,1,0,0,0,0,0,0,0,0,0,1,1
3,25.0,0,0,7.65,S, Mr,0,0,0,0,0,0,0,0,0,0,0,0,1,0,0,0,0,0,0,1,1
3,20.0,0,0,7.925,S, Mr,0,0,0,0,0,0,0,0,0,0,0,0,1,0,0,0,0,0,0,1,1
3,18.0,0,0,7.2292,C, Mrs,1,0,0,0,0,0,0,0,0,0,0,0,0,1,0,0,0,0,0,0,1
3,30.0,0,0,7.25,S, Mr,0,0,0,0,0,0,0,0,0,0,0,0,1,0,0,0,0,0,0,1,0
3,26.0,0,0,8.05,S, Mr,0,0,0,0,0,0,0,0,0,0,0,0,1,0,0,0,0,0,0,1,0
3,40.0,1,0,9.475,S, Mrs,1,0,0,0,0,0,0,0,0,0,0,0,0,1,0,0,0,0,0,1,0
3,0.83,0,1,9.35,S, Master,0,0,0,0,0,0,0,0,1,0,0,0,0,0,0,0,0,0,0,1,1
3,18.0,0,1,9.35,S, Mrs,1,0,0,0,0,0,0,0,0,0,0,0,0,1,0,0,0,0,0,1,1
3,26.0,0,0,18.7875,C, Mr,0,0,0,0,0,0,0,0,0,0,0,0,1,0,0,0,0,0,0,0,1
3,26.0,0,0,7.8875,S, Mr,0,0,0,0,0,0,0,0,0,0,0,0,1,0,0,0,0,0,0,1,0
3,20.0,0,0,7.925,S, Mr,0,0,0,0,0,0,0,0,0,0,0,0,1,0,0,0,0,0,0,1,0
3,24.0,0,0,7.05,S, Mr,0,0,0,0,0,0,0,0,0,0,0,0,1,0,0,0,0,0,0,1,0
3,25.0,0,0,7.05,S, Mr,0,0,0,0,0,0,0,0,0,0,0,0,1,0,0,0,0,0,0,1,0
3,35.0,0,0,8.05,S, Mr,0,0,0,0,0,0,0,0,0,0,0,0,1,0,0,0,0,0,0,1,0
3,18.0,0,0,8.3,S, Mr,0,0,0,0,0,0,0,0,0,0,0,0,1,0,0,0,0,0,0,1,0
3,32.0,0,0,22.525,S, Mr,0,0,0,0,0,0,0,0,0,0,0,0,1,0,0,0,0,0,0,1,0
3,19.0,1,0,7.8542,S, Miss,1,0,0,0,0,0,0,0,0,1,0,0,0,0,0,0,0,0,0,1,1
3,4.0,4,2,31.275,S, Master,0,0,0,0,0,0,0,0,1,0,0,0,0,0,0,0,0,0,0,1,0
3,6.0,4,2,31.275,S, Miss,1,0,0,0,0,0,0,0,0,1,0,0,0,0,0,0,0,0,0,1,0
3,2.0,4,2,31.275,S, Miss,1,0,0,0,0,0,0,0,0,1,0,0,0,0,0,0,0,0,0,1,0
3,17.0,4,2,7.925,S, Miss,1,0,0,0,0,0,0,0,0,1,0,0,0,0,0,0,0,0,0,1,1
3,38.0,4,2,7.775,S, Miss,1,0,0,0,0,0,0,0,0,1,0,0,0,0,0,0,0,0,0,1,0
3,9.0,4,2,31.275,S, Miss,1,0,0,0,0,0,0,0,0,1,0,0,0,0,0,0,0,0,0,1,0
3,11.0,4,2,31.275,S, Miss,1,0,0,0,0,0,0,0,0,1,0,0,0,0,0,0,0,0,0,1,0
3,39.0,1,5,31.275,S, Mr,0,0,0,0,0,0,0,0,0,0,0,0,1,0,0,0,0,0,0,1,0
3,27.0,0,0,7.7958,S, Mr,0,0,0,0,0,0,0,0,0,0,0,0,1,0,0,0,0,0,0,1,1
3,26.0,0,0,7.775,S, Mr,0,0,0,0,0,0,0,0,0,0,0,0,1,0,0,0,0,0,0,1,0
3,39.0,1,5,31.275,S, Mrs,1,0,0,0,0,0,0,0,0,0,0,0,0,1,0,0,0,0,0,1,0
3,20.0,0,0,7.8542,S, Mr,0,0,0,0,0,0,0,0,0,0,0,0,1,0,0,0,0,0,0,1,0
3,26.0,0,0,7.8958,S, Mr,0,0,0,0,0,0,0,0,0,0,0,0,1,0,0,0,0,0,0,1,0
3,25.0,1,0,17.8,S, Mr,0,0,0,0,0,0,0,0,0,0,0,0,1,0,0,0,0,0,0,1,0
3,18.0,1,0,17.8,S, Mrs,1,0,0,0,0,0,0,0,0,0,0,0,0,1,0,0,0,0,0,1,0
3,24.0,0,0,7.775,S, Mr,0,0,0,0,0,0,0,0,0,0,0,0,1,0,0,0,0,0,0,1,0
3,35.0,0,0,7.05,S, Mr,0,0,0,0,0,0,0,0,0,0,0,0,1,0,0,0,0,0,0,1,0
3,5.0,4,2,31.3875,S, Master,0,0,0,0,0,0,0,0,1,0,0,0,0,0,0,0,0,0,0,1,0
3,9.0,4,2,31.3875,S, Master,0,0,0,0,0,0,0,0,1,0,0,0,0,0,0,0,0,0,0,1,0
3,3.0,4,2,31.3875,S, Master,0,0,0,0,0,0,0,0,1,0,0,0,0,0,0,0,0,0,0,1,1
3,13.0,4,2,31.3875,S, Master,0,0,0,0,0,0,0,0,1,0,0,0,0,0,0,0,0,0,0,1,0
3,5.0,4,2,31.3875,S, Miss,1,0,0,0,0,0,0,0,0,1,0,0,0,0,0,0,0,0,0,1,1
3,40.0,1,5,31.3875,S, Mr,0,0,0,0,0,0,0,0,0,0,0,0,1,0,0,0,0,0,0,1,0
3,23.0,0,0,7.7958,S, Mr,0,0,0,0,0,0,0,0,0,0,0,0,1,0,0,0,0,0,0,1,1
3,38.0,1,5,31.3875,S, Mrs,1,0,0,0,0,0,0,0,0,0,0,0,0,1,0,0,0,0,0,1,1
3,45.0,0,0,7.225,C, Mrs,1,0,0,0,0,0,0,0,0,0,0,0,0,1,0,0,0,0,0,0,1
3,21.0,0,0,7.225,C, Mr,0,0,0,0,0,0,0,0,0,0,0,0,1,0,0,0,0,0,0,0,0
3,23.0,0,0,7.05,S, Mr,0,0,0,0,0,0,0,0,0,0,0,0,1,0,0,0,0,0,0,1,0
3,17.0,0,0,14.4583,C, Miss,1,0,0,0,0,0,0,0,0,1,0,0,0,0,0,0,0,0,0,0,0
3,30.0,0,0,7.225,C, Mr,0,0,0,0,0,0,0,0,0,0,0,0,1,0,0,0,0,0,0,0,0
3,23.0,0,0,7.8542,S, Mr,0,0,0,0,0,0,0,0,0,0,0,0,1,0,0,0,0,0,0,1,0
3,13.0,0,0,7.2292,C, Miss,1,0,0,0,0,0,0,0,0,1,0,0,0,0,0,0,0,0,0,0,1
3,20.0,0,0,7.225,C, Mr,0,0,0,0,0,0,0,0,0,0,0,0,1,0,0,0,0,0,0,0,0
3,32.0,1,0,15.85,S, Mr,0,0,0,0,0,0,0,0,0,0,0,0,1,0,0,0,0,0,0,1,0
3,33.0,3,0,15.85,S, Mrs,1,0,0,0,0,0,0,0,0,0,0,0,0,1,0,0,0,0,0,1,1
3,0.75,2,1,19.2583,C, Miss,1,0,0,0,0,0,0,0,0,1,0,0,0,0,0,0,0,0,0,0,1
3,0.75,2,1,19.2583,C, Miss,1,0,0,0,0,0,0,0,0,1,0,0,0,0,0,0,0,0,0,0,1
3,5.0,2,1,19.2583,C, Miss,1,0,0,0,0,0,0,0,0,1,0,0,0,0,0,0,0,0,0,0,1
3,24.0,0,3,19.2583,C, Mrs,1,0,0,0,0,0,0,0,0,0,0,0,0,1,0,0,0,0,0,0,1
3,18.0,0,0,8.05,S, Miss,1,0,0,0,0,0,0,0,0,1,0,0,0,0,0,0,0,0,0,1,1
3,40.0,0,0,7.225,C, Mr,0,0,0,0,0,0,0,0,0,0,0,0,1,0,0,0,0,0,0,0,0
3,26.0,0,0,7.8958,S, Mr,0,0,0,0,0,0,0,0,0,0,0,0,1,0,0,0,0,0,0,1,0
3,20.0,0,0,7.2292,C, Mr,0,0,0,0,0,0,0,0,0,0,0,0,1,0,0,0,0,0,0,0,1
3,18.0,0,1,14.4542,C, Miss,1,0,0,0,0,0,0,0,0,1,0,0,0,0,0,0,0,0,0,0,0
3,45.0,0,1,14.4542,C, Mrs,1,0,0,0,0,0,0,0,0,0,0,0,0,1,0,0,0,0,0,0,0
3,27.0,0,0,7.8792,Q, Miss,1,0,0,0,0,0,0,0,0,1,0,0,0,0,0,0,0,0,1,0,0
3,22.0,0,0,8.05,S, Mr,0,0,0,0,0,0,0,0,0,0,0,0,1,0,0,0,0,0,0,1,0
3,19.0,0,0,8.05,S, Mr,0,0,0,0,0,0,0,0,0,0,0,0,1,0,0,0,0,0,0,1,0
3,26.0,0,0,7.775,S, Mr,0,0,0,0,0,0,0,0,0,0,0,0,1,0,0,0,0,0,0,1,0
3,22.0,0,0,9.35,S, Mr,0,0,0,0,0,0,0,0,0,0,0,0,1,0,0,0,0,0,0,1,0
3,29.881137667304014,0,0,7.2292,C, Master,0,0,0,0,0,0,0,0,1,0,0,0,0,0,0,0,0,0,0,0,0
3,20.0,0,0,4.0125,C, Mr,0,0,0,0,0,0,0,0,0,0,0,0,1,0,0,0,0,0,0,0,0
3,32.0,0,0,56.4958,S, Mr,0,0,0,0,0,0,0,0,0,0,0,0,1,0,0,0,0,0,0,1,1
3,21.0,0,0,7.775,S, Mr,0,0,0,0,0,0,0,0,0,0,0,0,1,0,0,0,0,0,0,1,0
3,18.0,0,0,7.75,S, Mr,0,0,0,0,0,0,0,0,0,0,0,0,1,0,0,0,0,0,0,1,0
3,26.0,0,0,7.8958,S, Mr,0,0,0,0,0,0,0,0,0,0,0,0,1,0,0,0,0,0,0,1,0
3,6.0,1,1,15.2458,C, Master,0,0,0,0,0,0,0,0,1,0,0,0,0,0,0,0,0,0,0,0,0
3,9.0,1,1,15.2458,C, Miss,1,0,0,0,0,0,0,0,0,1,0,0,0,0,0,0,0,0,0,0,0
3,29.881137667304014,0,0,7.225,C, Mr,0,0,0,0,0,0,0,0,0,0,0,0,1,0,0,0,0,0,0,0,0
3,29.881137667304014,0,2,15.2458,C, Mrs,1,0,0,0,0,0,0,0,0,0,0,0,0,1,0,0,0,0,0,0,0
3,29.881137667304014,0,2,7.75,Q, Miss,1,0,0,0,0,0,0,0,0,1,0,0,0,0,0,0,0,0,1,0,0
3,40.0,1,1,15.5,Q, Mr,0,0,0,0,0,0,0,0,0,0,0,0,1,0,0,0,0,0,1,0,0
3,32.0,1,1,15.5,Q, Mrs,1,0,0,0,0,0,0,0,0,0,0,0,0,1,0,0,0,0,1,0,0
3,21.0,0,0,16.1,S, Mr,0,0,0,0,0,0,0,0,0,0,0,0,1,0,0,0,0,0,0,1,0
3,22.0,0,0,7.725,Q, Miss,1,0,0,0,0,0,0,0,0,1,0,0,0,0,0,0,0,0,1,0,1
3,20.0,0,0,7.8542,S, Miss,1,0,0,0,0,0,0,0,0,1,0,0,0,0,0,0,0,0,0,1,0
3,29.0,1,0,7.0458,S, Mr,0,0,0,0,0,0,0,0,0,0,0,0,1,0,0,0,0,0,0,1,0
3,22.0,1,0,7.25,S, Mr,0,0,0,0,0,0,0,0,0,0,0,0,1,0,0,0,0,0,0,1,0
3,22.0,0,0,7.7958,S, Mr,0,0,0,0,0,0,0,0,0,0,0,0,1,0,0,0,0,0,0,1,0
3,35.0,0,0,8.05,S, Mr,0,0,0,0,0,0,0,0,0,0,0,0,1,0,0,0,0,0,0,1,0
3,18.5,0,0,7.2833,Q, Miss,1,0,0,0,0,0,0,0,0,1,0,0,0,0,0,0,0,0,1,0,0
3,21.0,0,0,7.8208,Q, Mr,0,0,0,0,0,0,0,0,0,0,0,0,1,0,0,0,0,0,1,0,1
3,19.0,0,0,6.75,Q, Mr,0,0,0,0,0,0,0,0,0,0,0,0,1,0,0,0,0,0,1,0,0
3,18.0,0,0,7.8792,Q, Miss,1,0,0,0,0,0,0,0,0,1,0,0,0,0,0,0,0,0,1,0,0
3,21.0,0,0,8.6625,S, Miss,1,0,0,0,0,0,0,0,0,1,0,0,0,0,0,0,0,0,0,1,0
3,30.0,0,0,8.6625,S, Miss,1,0,0,0,0,0,0,0,0,1,0,0,0,0,0,0,0,0,0,1,0
3,18.0,0,0,8.6625,S, Mr,0,0,0,0,0,0,0,0,0,0,0,0,1,0,0,0,0,0,0,1,0
3,38.0,0,0,8.6625,S, Mr,0,0,0,0,0,0,0,0,0,0,0,0,1,0,0,0,0,0,0,1,0
3,17.0,0,0,8.6625,S, Mr,0,0,0,0,0,0,0,0,0,0,0,0,1,0,0,0,0,0,0,1,0
3,17.0,0,0,8.6625,S, Mr,0,0,0,0,0,0,0,0,0,0,0,0,1,0,0,0,0,0,0,1,0
3,21.0,0,0,7.75,Q, Miss,1,0,0,0,0,0,0,0,0,1,0,0,0,0,0,0,0,0,1,0,0
3,21.0,0,0,7.75,Q, Mr,0,0,0,0,0,0,0,0,0,0,0,0,1,0,0,0,0,0,1,0,0
3,21.0,0,0,8.05,S, Mr,0,0,0,0,0,0,0,0,0,0,0,0,1,0,0,0,0,0,0,1,0
3,29.881137667304014,1,0,14.4583,C, Mr,0,0,0,0,0,0,0,0,0,0,0,0,1,0,0,0,0,0,0,0,0
3,29.881137667304014,1,0,14.4583,C, Mrs,1,0,0,0,0,0,0,0,0,0,0,0,0,1,0,0,0,0,0,0,0
3,28.0,0,0,7.7958,S, Mr,0,0,0,0,0,0,0,0,0,0,0,0,1,0,0,0,0,0,0,1,0
3,24.0,0,0,7.8542,S, Mr,0,0,0,0,0,0,0,0,0,0,0,0,1,0,0,0,0,0,0,1,0
3,16.0,0,0,7.75,Q, Miss,1,0,0,0,0,0,0,0,0,1,0,0,0,0,0,0,0,0,1,0,1
3,37.0,0,0,7.75,Q, Miss,1,0,0,0,0,0,0,0,0,1,0,0,0,0,0,0,0,0,1,0,0
3,28.0,0,0,7.25,S, Mr,0,0,0,0,0,0,0,0,0,0,0,0,1,0,0,0,0,0,0,1,0
3,24.0,0,0,8.05,S, Mr,0,0,0,0,0,0,0,0,0,0,0,0,1,0,0,0,0,0,0,1,0
3,21.0,0,0,7.7333,Q, Mr,0,0,0,0,0,0,0,0,0,0,0,0,1,0,0,0,0,0,1,0,0
3,32.0,0,0,56.4958,S, Mr,0,0,0,0,0,0,0,0,0,0,0,0,1,0,0,0,0,0,0,1,1
3,29.0,0,0,8.05,S, Mr,0,0,0,0,0,0,0,0,0,0,0,0,1,0,0,0,0,0,0,1,0
3,26.0,1,0,14.4542,C, Mr,0,0,0,0,0,0,0,0,0,0,0,0,1,0,0,0,0,0,0,0,0
3,18.0,1,0,14.4542,C, Mr,0,0,0,0,0,0,0,0,0,0,0,0,1,0,0,0,0,0,0,0,0
3,20.0,0,0,7.05,S, Mr,0,0,0,0,0,0,0,0,0,0,0,0,1,0,0,0,0,0,0,1,0
3,18.0,0,0,8.05,S, Mr,0,0,0,0,0,0,0,0,0,0,0,0,1,0,0,0,0,0,0,1,1
3,24.0,0,0,7.25,Q, Mr,0,0,0,0,0,0,0,0,0,0,0,0,1,0,0,0,0,0,1,0,0
3,36.0,0,0,7.4958,S, Mr,0,0,0,0,0,0,0,0,0,0,0,0,1,0,0,0,0,0,0,1,0
3,24.0,0,0,7.4958,S, Mr,0,0,0,0,0,0,0,0,0,0,0,0,1,0,0,0,0,0,0,1,0
3,31.0,0,0,7.7333,Q, Mr,0,0,0,0,0,0,0,0,0,0,0,0,1,0,0,0,0,0,1,0,0
3,31.0,0,0,7.75,Q, Mr,0,0,0,0,0,0,0,0,0,0,0,0,1,0,0,0,0,0,1,0,0
3,22.0,0,0,7.75,Q, Miss,1,0,0,0,0,0,0,0,0,1,0,0,0,0,0,0,0,0,1,0,1
3,30.0,0,0,7.6292,Q, Miss,1,0,0,0,0,0,0,0,0,1,0,0,0,0,0,0,0,0,1,0,0
3,70.5,0,0,7.75,Q, Mr,0,0,0,0,0,0,0,0,0,0,0,0,1,0,0,0,0,0,1,0,0
3,43.0,0,0,8.05,S, Mr,0,0,0,0,0,0,0,0,0,0,0,0,1,0,0,0,0,0,0,1,0
3,35.0,0,0,7.8958,S, Mr,0,0,0,0,0,0,0,0,0,0,0,0,1,0,0,0,0,0,0,1,0
3,27.0,0,0,7.8958,S, Mr,0,0,0,0,0,0,0,0,0,0,0,0,1,0,0,0,0,0,0,1,0
3,19.0,0,0,7.8958,S, Mr,0,0,0,0,0,0,0,0,0,0,0,0,1,0,0,0,0,0,0,1,0
3,30.0,0,0,8.05,S, Mr,0,0,0,0,0,0,0,0,0,0,0,0,1,0,0,0,0,0,0,1,0
3,9.0,1,1,15.9,S, Master,0,0,0,0,0,0,0,0,1,0,0,0,0,0,0,0,0,0,0,1,1
3,3.0,1,1,15.9,S, Master,0,0,0,0,0,0,0,0,1,0,0,0,0,0,0,0,0,0,0,1,1
3,36.0,0,2,15.9,S, Mrs,1,0,0,0,0,0,0,0,0,0,0,0,0,1,0,0,0,0,0,1,1
3,59.0,0,0,7.25,S, Mr,0,0,0,0,0,0,0,0,0,0,0,0,1,0,0,0,0,0,0,1,0
3,19.0,0,0,8.1583,S, Mr,0,0,0,0,0,0,0,0,0,0,0,0,1,0,0,0,0,0,0,1,0
3,17.0,0,1,16.1,S, Miss,1,0,0,0,0,0,0,0,0,1,0,0,0,0,0,0,0,0,0,1,1
3,44.0,0,1,16.1,S, Mr,0,0,0,0,0,0,0,0,0,0,0,0,1,0,0,0,0,0,0,1,0
3,17.0,0,0,8.6625,S, Mr,0,0,0,0,0,0,0,0,0,0,0,0,1,0,0,0,0,0,0,1,0
3,22.5,0,0,7.225,C, Mr,0,0,0,0,0,0,0,0,0,0,0,0,1,0,0,0,0,0,0,0,0
3,45.0,0,0,8.05,S, Mr,0,0,0,0,0,0,0,0,0,0,0,0,1,0,0,0,0,0,0,1,1
3,22.0,0,0,10.5167,S, Miss,1,0,0,0,0,0,0,0,0,1,0,0,0,0,0,0,0,0,0,1,0
3,19.0,0,0,10.1708,S, Mr,0,0,0,0,0,0,0,0,0,0,0,0,1,0,0,0,0,0,0,1,0
3,30.0,0,0,6.95,Q, Miss,1,0,0,0,0,0,0,0,0,1,0,0,0,0,0,0,0,0,1,0,1
3,29.0,0,0,7.75,Q, Mr,0,0,0,0,0,0,0,0,0,0,0,0,1,0,0,0,0,0,1,0,1
3,0.33,0,2,14.4,S, Master,0,0,0,0,0,0,0,0,1,0,0,0,0,0,0,0,0,0,0,1,0
3,34.0,1,1,14.4,S, Mr,0,0,0,0,0,0,0,0,0,0,0,0,1,0,0,0,0,0,0,1,0
3,28.0,1,1,14.4,S, Mrs,1,0,0,0,0,0,0,0,0,0,0,0,0,1,0,0,0,0,0,1,0
3,27.0,0,0,7.8958,S, Mr,0,0,0,0,0,0,0,0,0,0,0,0,1,0,0,0,0,0,0,1,0
3,25.0,0,0,7.8958,S, Mr,0,0,0,0,0,0,0,0,0,0,0,0,1,0,0,0,0,0,0,1,0
3,24.0,2,0,24.15,S, Mr,0,0,0,0,0,0,0,0,0,0,0,0,1,0,0,0,0,0,0,1,0
3,22.0,0,0,8.05,S, Mr,0,0,0,0,0,0,0,0,0,0,0,0,1,0,0,0,0,0,0,1,0
3,21.0,2,0,24.15,S, Mr,0,0,0,0,0,0,0,0,0,0,0,0,1,0,0,0,0,0,0,1,0
3,17.0,2,0,8.05,S, Mr,0,0,0,0,0,0,0,0,0,0,0,0,1,0,0,0,0,0,0,1,0
3,29.881137667304014,1,0,16.1,S, Mr,0,0,0,0,0,0,0,0,0,0,0,0,1,0,0,0,0,0,0,1,0
3,29.881137667304014,1,0,16.1,S, Mrs,1,0,0,0,0,0,0,0,0,0,0,0,0,1,0,0,0,0,0,1,1
3,36.5,1,0,17.4,S, Mr,0,0,0,0,0,0,0,0,0,0,0,0,1,0,0,0,0,0,0,1,1
3,36.0,1,0,17.4,S, Mrs,1,0,0,0,0,0,0,0,0,0,0,0,0,1,0,0,0,0,0,1,1
3,30.0,0,0,9.5,S, Mr,0,0,0,0,0,0,0,0,0,0,0,0,1,0,0,0,0,0,0,1,1
3,16.0,0,0,9.5,S, Mr,0,0,0,0,0,0,0,0,0,0,0,0,1,0,0,0,0,0,0,1,0
3,1.0,1,2,20.575,S, Master,0,0,0,0,0,0,0,0,1,0,0,0,0,0,0,0,0,0,0,1,1
3,0.17,1,2,20.575,S, Miss,1,0,0,0,0,0,0,0,0,1,0,0,0,0,0,0,0,0,0,1,1
3,26.0,1,2,20.575,S, Mr,0,0,0,0,0,0,0,0,0,0,0,0,1,0,0,0,0,0,0,1,0
3,33.0,1,2,20.575,S, Mrs,1,0,0,0,0,0,0,0,0,0,0,0,0,1,0,0,0,0,0,1,1
3,25.0,0,0,7.8958,S, Mr,0,0,0,0,0,0,0,0,0,0,0,0,1,0,0,0,0,0,0,1,0
3,29.881137667304014,0,0,7.8958,S, Mr,0,0,0,0,0,0,0,0,0,0,0,0,1,0,0,0,0,0,0,1,0
3,29.881137667304014,0,0,7.8958,S, Mr,0,0,0,0,0,0,0,0,0,0,0,0,1,0,0,0,0,0,0,1,0
3,22.0,0,0,7.25,S, Mr,0,0,0,0,0,0,0,0,0,0,0,0,1,0,0,0,0,0,0,1,0
3,36.0,0,0,7.25,S, Mr,0,0,0,0,0,0,0,0,0,0,0,0,1,0,0,0,0,0,0,1,0
3,19.0,0,0,7.8792,Q, Miss,1,0,0,0,0,0,0,0,0,1,0,0,0,0,0,0,0,0,1,0,1
3,17.0,0,0,7.8958,S, Mr,0,0,0,0,0,0,0,0,0,0,0,0,1,0,0,0,0,0,0,1,0
3,42.0,0,0,8.6625,S, Mr,0,0,0,0,0,0,0,0,0,0,0,0,1,0,0,0,0,0,0,1,0
3,43.0,0,0,7.8958,S, Mr,0,0,0,0,0,0,0,0,0,0,0,0,1,0,0,0,0,0,0,1,0
3,29.881137667304014,0,0,7.2292,C, Mr,0,0,0,0,0,0,0,0,0,0,0,0,1,0,0,0,0,0,0,0,0
3,32.0,0,0,7.75,Q, Mr,0,0,0,0,0,0,0,0,0,0,0,0,1,0,0,0,0,0,1,0,0
3,19.0,0,0,8.05,S, Mr,0,0,0,0,0,0,0,0,0,0,0,0,1,0,0,0,0,0,0,1,1
3,30.0,0,0,12.475,S, Miss,1,0,0,0,0,0,0,0,0,1,0,0,0,0,0,0,0,0,0,1,1
3,24.0,0,0,7.75,Q, Miss,1,0,0,0,0,0,0,0,0,1,0,0,0,0,0,0,0,0,1,0,0
3,23.0,0,0,8.05,S, Miss,1,0,0,0,0,0,0,0,0,1,0,0,0,0,0,0,0,0,0,1,1
3,33.0,0,0,7.8958,C, Mr,0,0,0,0,0,0,0,0,0,0,0,0,1,0,0,0,0,0,0,0,0
3,65.0,0,0,7.75,Q, Mr,0,0,0,0,0,0,0,0,0,0,0,0,1,0,0,0,0,0,1,0,0
3,24.0,0,0,7.55,S, Mr,0,0,0,0,0,0,0,0,0,0,0,0,1,0,0,0,0,0,0,1,1
3,23.0,1,0,13.9,S, Mr,0,0,0,0,0,0,0,0,0,0,0,0,1,0,0,0,0,0,0,1,0
3,22.0,1,0,13.9,S, Mrs,1,0,0,0,0,0,0,0,0,0,0,0,0,1,0,0,0,0,0,1,1
3,18.0,0,0,7.775,S, Mr,0,0,0,0,0,0,0,0,0,0,0,0,1,0,0,0,0,0,0,1,0
3,16.0,0,0,7.775,S, Mr,0,0,0,0,0,0,0,0,0,0,0,0,1,0,0,0,0,0,0,1,0
3,45.0,0,0,6.975,S, Mr,0,0,0,0,0,0,0,0,0,0,0,0,1,0,0,0,0,0,0,1,0
3,29.881137667304014,0,0,7.225,C, Mr,0,0,0,0,0,0,0,0,0,0,0,0,1,0,0,0,0,0,0,0,0
3,39.0,0,2,7.2292,C, Mr,0,0,0,0,0,0,0,0,0,0,0,0,1,0,0,0,0,0,0,0,0
3,17.0,1,1,7.2292,C, Mr,0,0,0,0,0,0,0,0,0,0,0,0,1,0,0,0,0,0,0,0,0
3,15.0,1,1,7.2292,C, Mr,0,0,0,0,0,0,0,0,0,0,0,0,1,0,0,0,0,0,0,0,0
3,47.0,0,0,7.25,S, Mr,0,0,0,0,0,0,0,0,0,0,0,0,1,0,0,0,0,0,0,1,0
3,5.0,0,0,12.475,S, Miss,1,0,0,0,0,0,0,0,0,1,0,0,0,0,0,0,0,0,0,1,1
3,29.881137667304014,0,0,7.225,C, Mr,0,0,0,0,0,0,0,0,0,0,0,0,1,0,0,0,0,0,0,0,0
3,40.5,0,0,15.1,S, Mr,0,0,0,0,0,0,0,0,0,0,0,0,1,0,0,0,0,0,0,1,0
3,40.5,0,0,7.75,Q, Mr,0,0,0,0,0,0,0,0,0,0,0,0,1,0,0,0,0,0,1,0,0
3,29.881137667304014,0,0,7.05,S, Mr,0,0,0,0,0,0,0,0,0,0,0,0,1,0,0,0,0,0,0,1,1
3,18.0,0,0,7.7958,S, Mr,0,0,0,0,0,0,0,0,0,0,0,0,1,0,0,0,0,0,0,1,0
3,29.881137667304014,0,0,7.75,Q, Miss,1,0,0,0,0,0,0,0,0,1,0,0,0,0,0,0,0,0,1,0,0
3,29.881137667304014,0,0,7.75,Q, Mr,0,0,0,0,0,0,0,0,0,0,0,0,1,0,0,0,0,0,1,0,0
3,29.881137667304014,0,0,6.95,Q, Mr,0,0,0,0,0,0,0,0,0,0,0,0,1,0,0,0,0,0,1,0,0
3,26.0,0,0,7.8792,Q, Mr,0,0,0,0,0,0,0,0,0,0,0,0,1,0,0,0,0,0,1,0,0
3,29.881137667304014,0,0,7.75,Q, Mr,0,0,0,0,0,0,0,0,0,0,0,0,1,0,0,0,0,0,1,0,0
3,29.881137667304014,0,0,56.4958,S, Mr,0,0,0,0,0,0,0,0,0,0,0,0,1,0,0,0,0,0,0,1,1
3,21.0,2,2,34.375,S, Miss,1,0,0,0,0,0,0,0,0,1,0,0,0,0,0,0,0,0,0,1,0
3,9.0,2,2,34.375,S, Miss,1,0,0,0,0,0,0,0,0,1,0,0,0,0,0,0,0,0,0,1,0
3,29.881137667304014,0,0,8.05,S, Mr,0,0,0,0,0,0,0,0,0,0,0,0,1,0,0,0,0,0,0,1,0
3,18.0,2,2,34.375,S, Mr,0,0,0,0,0,0,0,0,0,0,0,0,1,0,0,0,0,0,0,1,0
3,16.0,1,3,34.375,S, Mr,0,0,0,0,0,0,0,0,0,0,0,0,1,0,0,0,0,0,0,1,0
3,48.0,1,3,34.375,S, Mrs,1,0,0,0,0,0,0,0,0,0,0,0,0,1,0,0,0,0,0,1,0
3,29.881137667304014,0,0,7.75,Q, Mr,0,0,0,0,0,0,0,0,0,0,0,0,1,0,0,0,0,0,1,0,0
3,29.881137667304014,0,0,7.25,S, Mr,0,0,0,0,0,0,0,0,0,0,0,0,1,0,0,0,0,0,0,1,0
3,25.0,0,0,7.7417,Q, Mr,0,0,0,0,0,0,0,0,0,0,0,0,1,0,0,0,0,0,1,0,0
3,29.881137667304014,0,0,14.5,S, Mr,0,0,0,0,0,0,0,0,0,0,0,0,1,0,0,0,0,0,0,1,0
3,29.881137667304014,0,0,7.8958,C, Mr,0,0,0,0,0,0,0,0,0,0,0,0,1,0,0,0,0,0,0,0,0
3,22.0,0,0,8.05,S, Mr,0,0,0,0,0,0,0,0,0,0,0,0,1,0,0,0,0,0,0,1,0
3,16.0,0,0,7.7333,Q, Miss,1,0,0,0,0,0,0,0,0,1,0,0,0,0,0,0,0,0,1,0,1
3,29.881137667304014,0,0,7.75,Q, Miss,1,0,0,0,0,0,0,0,0,1,0,0,0,0,0,0,0,0,1,0,1
3,9.0,0,2,20.525,S, Master,0,0,0,0,0,0,0,0,1,0,0,0,0,0,0,0,0,0,0,1,1
3,33.0,1,1,20.525,S, Mr,0,0,0,0,0,0,0,0,0,0,0,0,1,0,0,0,0,0,0,1,0
3,41.0,0,0,7.85,S, Mr,0,0,0,0,0,0,0,0,0,0,0,0,1,0,0,0,0,0,0,1,0
3,31.0,1,1,20.525,S, Mrs,1,0,0,0,0,0,0,0,0,0,0,0,0,1,0,0,0,0,0,1,1
3,38.0,0,0,7.05,S, Mr,0,0,0,0,0,0,0,0,0,0,0,0,1,0,0,0,0,0,0,1,0
3,9.0,5,2,46.9,S, Master,0,0,0,0,0,0,0,0,1,0,0,0,0,0,0,0,0,0,0,1,0
3,1.0,5,2,46.9,S, Master,0,0,0,0,0,0,0,0,1,0,0,0,0,0,0,0,0,0,0,1,0
3,11.0,5,2,46.9,S, Master,0,0,0,0,0,0,0,0,1,0,0,0,0,0,0,0,0,0,0,1,0
3,10.0,5,2,46.9,S, Miss,1,0,0,0,0,0,0,0,0,1,0,0,0,0,0,0,0,0,0,1,0
3,16.0,5,2,46.9,S, Miss,1,0,0,0,0,0,0,0,0,1,0,0,0,0,0,0,0,0,0,1,0
3,14.0,5,2,46.9,S, Mr,0,0,0,0,0,0,0,0,0,0,0,0,1,0,0,0,0,0,0,1,0
3,40.0,1,6,46.9,S, Mr,0,0,0,0,0,0,0,0,0,0,0,0,1,0,0,0,0,0,0,1,0
3,43.0,1,6,46.9,S, Mrs,1,0,0,0,0,0,0,0,0,0,0,0,0,1,0,0,0,0,0,1,0
3,51.0,0,0,8.05,S, Mr,0,0,0,0,0,0,0,0,0,0,0,0,1,0,0,0,0,0,0,1,0
3,32.0,0,0,8.3625,S, Mr,0,0,0,0,0,0,0,0,0,0,0,0,1,0,0,0,0,0,0,1,0
3,29.881137667304014,0,0,8.05,S, Mr,0,0,0,0,0,0,0,0,0,0,0,0,1,0,0,0,0,0,0,1,0
3,20.0,0,0,9.8458,S, Mr,0,0,0,0,0,0,0,0,0,0,0,0,1,0,0,0,0,0,0,1,0
3,37.0,2,0,7.925,S, Mr,0,0,0,0,0,0,0,0,0,0,0,0,1,0,0,0,0,0,0,1,0
3,28.0,2,0,7.925,S, Mr,0,0,0,0,0,0,0,0,0,0,0,0,1,0,0,0,0,0,0,1,0
3,19.0,0,0,7.775,S, Mr,0,0,0,0,0,0,0,0,0,0,0,0,1,0,0,0,0,0,0,1,0
3,24.0,0,0,8.85,S, Miss,1,0,0,0,0,0,0,0,0,1,0,0,0,0,0,0,0,0,0,1,0
3,17.0,0,0,7.7333,Q, Miss,1,0,0,0,0,0,0,0,0,1,0,0,0,0,0,0,0,0,1,0,0
3,29.881137667304014,1,0,19.9667,S, Mr,0,0,0,0,0,0,0,0,0,0,0,0,1,0,0,0,0,0,0,1,0
3,29.881137667304014,1,0,19.9667,S, Mr,0,0,0,0,0,0,0,0,0,0,0,0,1,0,0,0,0,0,0,1,0
3,28.0,1,0,15.85,S, Mr,0,0,0,0,0,0,0,0,0,0,0,0,1,0,0,0,0,0,0,1,0
3,24.0,1,0,15.85,S, Mrs,1,0,0,0,0,0,0,0,0,0,0,0,0,1,0,0,0,0,0,1,1
3,20.0,0,0,9.5,S, Mr,0,0,0,0,0,0,0,0,0,0,0,0,1,0,0,0,0,0,0,1,0
3,23.5,0,0,7.2292,C, Mr,0,0,0,0,0,0,0,0,0,0,0,0,1,0,0,0,0,0,0,0,0
3,41.0,2,0,14.1083,S, Mr,0,0,0,0,0,0,0,0,0,0,0,0,1,0,0,0,0,0,0,1,0
3,26.0,1,0,7.8542,S, Mr,0,0,0,0,0,0,0,0,0,0,0,0,1,0,0,0,0,0,0,1,0
3,21.0,0,0,7.8542,S, Mr,0,0,0,0,0,0,0,0,0,0,0,0,1,0,0,0,0,0,0,1,0
3,45.0,1,0,14.1083,S, Mrs,1,0,0,0,0,0,0,0,0,0,0,0,0,1,0,0,0,0,0,1,1
3,29.881137667304014,0,0,7.55,S, Miss,1,0,0,0,0,0,0,0,0,1,0,0,0,0,0,0,0,0,0,1,0
3,25.0,0,0,7.25,S, Mr,0,0,0,0,0,0,0,0,0,0,0,0,1,0,0,0,0,0,0,1,0
3,29.881137667304014,0,0,6.8583,Q, Mr,0,0,0,0,0,0,0,0,0,0,0,0,1,0,0,0,0,0,1,0,0
3,11.0,0,0,18.7875,C, Mr,0,0,0,0,0,0,0,0,0,0,0,0,1,0,0,0,0,0,0,0,0
3,29.881137667304014,0,0,7.75,Q, Miss,1,0,0,0,0,0,0,0,0,1,0,0,0,0,0,0,0,0,1,0,1
3,27.0,0,0,6.975,S, Mr,0,0,0,0,0,0,0,0,0,0,0,0,1,0,0,0,0,0,0,1,1
3,29.881137667304014,0,0,56.4958,S, Mr,0,0,0,0,0,0,0,0,0,0,0,0,1,0,0,0,0,0,0,1,1
3,18.0,0,0,6.75,Q, Miss,1,0,0,0,0,0,0,0,0,1,0,0,0,0,0,0,0,0,1,0,0
3,26.0,0,0,7.925,S, Miss,1,0,0,0,0,0,0,0,0,1,0,0,0,0,0,0,0,0,0,1,1
3,23.0,0,0,7.925,S, Miss,1,0,0,0,0,0,0,0,0,1,0,0,0,0,0,0,0,0,0,1,0
3,22.0,0,0,8.9625,S, Miss,1,0,0,0,0,0,0,0,0,1,0,0,0,0,0,0,0,0,0,1,1
3,28.0,0,0,7.8958,S, Mr,0,0,0,0,0,0,0,0,0,0,0,0,1,0,0,0,0,0,0,1,0
3,28.0,0,0,7.775,S, Miss,1,0,0,0,0,0,0,0,0,1,0,0,0,0,0,0,0,0,0,1,0
3,29.881137667304014,0,0,7.75,Q, Miss,1,0,0,0,0,0,0,0,0,1,0,0,0,0,0,0,0,0,1,0,0
3,2.0,0,1,12.2875,S, Miss,1,0,0,0,0,0,0,0,0,1,0,0,0,0,0,0,0,0,0,1,1
3,22.0,1,1,12.2875,S, Mrs,1,0,0,0,0,0,0,0,0,0,0,0,0,1,0,0,0,0,0,1,1
3,43.0,0,0,6.45,S, Mr,0,0,0,0,0,0,0,0,0,0,0,0,1,0,0,0,0,0,0,1,0
3,28.0,0,0,22.525,S, Mr,0,0,0,0,0,0,0,0,0,0,0,0,1,0,0,0,0,0,0,1,0
3,27.0,0,0,7.925,S, Miss,1,0,0,0,0,0,0,0,0,1,0,0,0,0,0,0,0,0,0,1,1
3,29.881137667304014,0,0,7.75,Q, Mr,0,0,0,0,0,0,0,0,0,0,0,0,1,0,0,0,0,0,1,0,0
3,29.881137667304014,0,0,8.05,S, Miss,1,0,0,0,0,0,0,0,0,1,0,0,0,0,0,0,0,0,0,1,1
3,42.0,0,0,7.65,S, Mr,0,0,0,0,0,0,0,0,0,0,0,0,1,0,0,0,0,0,0,1,0
3,29.881137667304014,0,0,7.8875,S, Mr,0,0,0,0,0,0,0,0,0,0,0,0,1,0,0,0,0,0,0,1,1
3,30.0,0,0,7.2292,C, Mr,0,0,0,0,0,0,0,0,0,0,0,0,1,0,0,0,0,0,0,0,0
3,29.881137667304014,0,0,7.8958,S, Mr,0,0,0,0,0,0,0,0,0,0,0,0,1,0,0,0,0,0,0,1,0
3,27.0,1,0,7.925,S, Miss,1,0,0,0,0,0,0,0,0,1,0,0,0,0,0,0,0,0,0,1,0
3,25.0,1,0,7.925,S, Miss,1,0,0,0,0,0,0,0,0,1,0,0,0,0,0,0,0,0,0,1,0
3,29.881137667304014,0,0,7.8958,S, Mr,0,0,0,0,0,0,0,0,0,0,0,0,1,0,0,0,0,0,0,1,0
3,29.0,0,0,7.8958,C, Mr,0,0,0,0,0,0,0,0,0,0,0,0,1,0,0,0,0,0,0,0,1
3,21.0,0,0,7.7958,S, Mr,0,0,0,0,0,0,0,0,0,0,0,0,1,0,0,0,0,0,0,1,1
3,29.881137667304014,0,0,7.05,S, Mr,0,0,0,0,0,0,0,0,0,0,0,0,1,0,0,0,0,0,0,1,0
3,20.0,0,0,7.8542,S, Mr,0,0,0,0,0,0,0,0,0,0,0,0,1,0,0,0,0,0,0,1,0
3,48.0,0,0,7.8542,S, Mr,0,0,0,0,0,0,0,0,0,0,0,0,1,0,0,0,0,0,0,1,0
3,17.0,1,0,7.0542,S, Mr,0,0,0,0,0,0,0,0,0,0,0,0,1,0,0,0,0,0,0,1,0
3,29.881137667304014,0,0,7.75,Q, Miss,1,0,0,0,0,0,0,0,0,1,0,0,0,0,0,0,0,0,1,0,1
3,29.881137667304014,0,0,8.1125,S, Mr,0,0,0,0,0,0,0,0,0,0,0,0,1,0,0,0,0,0,0,1,1
3,34.0,0,0,6.4958,S, Mr,0,0,0,0,0,0,0,0,0,0,0,0,1,0,0,0,0,0,0,1,0
3,26.0,0,0,7.775,S, Mr,0,0,0,0,0,0,0,0,0,0,0,0,1,0,0,0,0,0,0,1,1
3,22.0,0,0,7.7958,S, Mr,0,0,0,0,0,0,0,0,0,0,0,0,1,0,0,0,0,0,0,1,0
3,33.0,0,0,8.6542,S, Mr,0,0,0,0,0,0,0,0,0,0,0,0,1,0,0,0,0,0,0,1,0
3,31.0,0,0,7.775,S, Mr,0,0,0,0,0,0,0,0,0,0,0,0,1,0,0,0,0,0,0,1,0
3,29.0,0,0,7.8542,S, Mr,0,0,0,0,0,0,0,0,0,0,0,0,1,0,0,0,0,0,0,1,0
3,4.0,1,1,11.1333,S, Master,0,0,0,0,0,0,0,0,1,0,0,0,0,0,0,0,0,0,0,1,1
3,1.0,1,1,11.1333,S, Miss,1,0,0,0,0,0,0,0,0,1,0,0,0,0,0,0,0,0,0,1,1
3,49.0,0,0,0.0,S, Mr,0,0,0,0,0,0,0,0,0,0,0,0,1,0,0,0,0,0,0,1,0
3,33.0,0,0,7.775,S, Mr,0,0,0,0,0,0,0,0,0,0,0,0,1,0,0,0,0,0,0,1,0
3,19.0,0,0,0.0,S, Mr,0,0,0,0,0,0,0,0,0,0,0,0,1,0,0,0,0,0,0,1,0
3,27.0,0,2,11.1333,S, Mrs,1,0,0,0,0,0,0,0,0,0,0,0,0,1,0,0,0,0,0,1,1
3,29.881137667304014,1,2,23.45,S, Master,0,0,0,0,0,0,0,0,1,0,0,0,0,0,0,0,0,0,0,1,0
3,29.881137667304014,1,2,23.45,S, Miss,1,0,0,0,0,0,0,0,0,1,0,0,0,0,0,0,0,0,0,1,0
3,29.881137667304014,1,2,23.45,S, Mr,0,0,0,0,0,0,0,0,0,0,0,0,1,0,0,0,0,0,0,1,0
3,29.881137667304014,1,2,23.45,S, Mrs,1,0,0,0,0,0,0,0,0,0,0,0,0,1,0,0,0,0,0,1,0
3,23.0,0,0,7.8958,S, Mr,0,0,0,0,0,0,0,0,0,0,0,0,1,0,0,0,0,0,0,1,0
3,32.0,0,0,7.8542,S, Mr,0,0,0,0,0,0,0,0,0,0,0,0,1,0,0,0,0,0,0,1,1
3,27.0,0,0,7.8542,S, Mr,0,0,0,0,0,0,0,0,0,0,0,0,1,0,0,0,0,0,0,1,0
3,20.0,1,0,9.825,S, Miss,1,0,0,0,0,0,0,0,0,1,0,0,0,0,0,0,0,0,0,1,0
3,21.0,1,0,9.825,S, Miss,1,0,0,0,0,0,0,0,0,1,0,0,0,0,0,0,0,0,0,1,0
3,32.0,0,0,7.925,S, Mr,0,0,0,0,0,0,0,0,0,0,0,0,1,0,0,0,0,0,0,1,1
3,17.0,0,0,7.125,S, Mr,0,0,0,0,0,0,0,0,0,0,0,0,1,0,0,0,0,0,0,1,0
3,21.0,0,0,8.4333,S, Mr,0,0,0,0,0,0,0,0,0,0,0,0,1,0,0,0,0,0,0,1,0
3,30.0,0,0,7.8958,S, Mr,0,0,0,0,0,0,0,0,0,0,0,0,1,0,0,0,0,0,0,1,0
3,21.0,0,0,7.7958,S, Mr,0,0,0,0,0,0,0,0,0,0,0,0,1,0,0,0,0,0,0,1,1
3,33.0,0,0,7.8542,S, Mr,0,0,0,0,0,0,0,0,0,0,0,0,1,0,0,0,0,0,0,1,0
3,22.0,0,0,7.5208,S, Mr,0,0,0,0,0,0,0,0,0,0,0,0,1,0,0,0,0,0,0,1,0
3,4.0,0,1,13.4167,C, Miss,1,0,0,0,0,0,0,0,0,1,0,0,0,0,0,0,0,0,0,0,1
3,39.0,0,1,13.4167,C, Mr,0,0,0,0,0,0,0,0,0,0,0,0,1,0,0,0,0,0,0,0,1
3,29.881137667304014,0,0,7.2292,C, Mr,0,0,0,0,0,0,0,0,0,0,0,0,1,0,0,0,0,0,0,0,0
3,18.5,0,0,7.2292,C, Mr,0,0,0,0,0,0,0,0,0,0,0,0,1,0,0,0,0,0,0,0,0
3,29.881137667304014,0,0,7.75,Q, Mr,0,0,0,0,0,0,0,0,0,0,0,0,1,0,0,0,0,0,1,0,0
3,29.881137667304014,0,0,7.25,S, Mr,0,0,0,0,0,0,0,0,0,0,0,0,1,0,0,0,0,0,0,1,0
3,29.881137667304014,0,0,7.75,Q, Miss,1,0,0,0,0,0,0,0,0,1,0,0,0,0,0,0,0,0,1,0,1
3,29.881137667304014,0,0,7.75,Q, Miss,1,0,0,0,0,0,0,0,0,1,0,0,0,0,0,0,0,0,1,0,1
3,34.5,0,0,7.8292,Q, Mr,0,0,0,0,0,0,0,0,0,0,0,0,1,0,0,0,0,0,1,0,0
3,44.0,0,0,8.05,S, Mr,0,0,0,0,0,0,0,0,0,0,0,0,1,0,0,0,0,0,0,1,0
3,29.881137667304014,0,0,7.75,Q, Mr,0,0,0,0,0,0,0,0,0,0,0,0,1,0,0,0,0,0,1,0,1
3,29.881137667304014,1,0,14.4542,C, Mr,0,0,0,0,0,0,0,0,0,0,0,0,1,0,0,0,0,0,0,0,0
3,29.881137667304014,1,0,14.4542,C, Mrs,1,0,0,0,0,0,0,0,0,0,0,0,0,1,0,0,0,0,0,0,0
3,29.881137667304014,1,0,7.75,Q, Mr,0,0,0,0,0,0,0,0,0,0,0,0,1,0,0,0,0,0,1,0,0
3,29.881137667304014,1,0,7.75,Q, Mr,0,0,0,0,0,0,0,0,0,0,0,0,1,0,0,0,0,0,1,0,0
3,29.881137667304014,0,0,7.7375,Q, Mr,0,0,0,0,0,0,0,0,0,0,0,0,1,0,0,0,0,0,1,0,0
3,22.0,2,0,8.6625,S, Miss,1,0,0,0,0,0,0,0,0,1,0,0,0,0,0,0,0,0,0,1,0
3,26.0,2,0,8.6625,S, Mr,0,0,0,0,0,0,0,0,0,0,0,0,1,0,0,0,0,0,0,1,0
3,4.0,0,2,22.025,S, Miss,1,0,0,0,0,0,0,0,0,1,0,0,0,0,0,0,0,0,0,1,1
3,29.0,3,1,22.025,S, Mr,0,0,0,0,0,0,0,0,0,0,0,0,1,0,0,0,0,0,0,1,1
3,26.0,1,1,22.025,S, Mrs,1,0,0,0,0,0,0,0,0,0,0,0,0,1,0,0,0,0,0,1,1
3,1.0,1,1,12.1833,S, Miss,1,0,0,0,0,0,0,0,0,1,0,0,0,0,0,0,0,0,0,1,0
3,18.0,1,1,7.8542,S, Mr,0,0,0,0,0,0,0,0,0,0,0,0,1,0,0,0,0,0,0,1,0
3,36.0,0,2,12.1833,S, Mrs,1,0,0,0,0,0,0,0,0,0,0,0,0,1,0,0,0,0,0,1,0
3,29.881137667304014,0,0,7.8958,C, Mr,0,0,0,0,0,0,0,0,0,0,0,0,1,0,0,0,0,0,0,0,0
3,25.0,0,0,7.2292,C, Mr,0,0,0,0,0,0,0,0,0,0,0,0,1,0,0,0,0,0,0,0,1
3,29.881137667304014,0,0,7.225,C, Mr,0,0,0,0,0,0,0,0,0,0,0,0,1,0,0,0,0,0,0,0,0
3,37.0,0,0,9.5875,S, Miss,1,0,0,0,0,0,0,0,0,1,0,0,0,0,0,0,0,0,0,1,0
3,29.881137667304014,0,0,7.8958,S, Mr,0,0,0,0,0,0,0,0,0,0,0,0,1,0,0,0,0,0,0,1,0
3,29.881137667304014,0,0,56.4958,S, Mr,0,0,0,0,0,0,0,0,0,0,0,0,1,0,0,0,0,0,0,1,1
3,29.881137667304014,0,0,56.4958,S, Mr,0,0,0,0,0,0,0,0,0,0,0,0,1,0,0,0,0,0,0,1,0
3,22.0,0,0,7.25,S, Miss,1,0,0,0,0,0,0,0,0,1,0,0,0,0,0,0,0,0,0,1,1
3,29.881137667304014,0,0,7.75,Q, Mr,0,0,0,0,0,0,0,0,0,0,0,0,1,0,0,0,0,0,1,0,0
3,26.0,0,0,56.4958,S, Mr,0,0,0,0,0,0,0,0,0,0,0,0,1,0,0,0,0,0,0,1,1
3,29.0,0,0,9.4833,S, Mr,0,0,0,0,0,0,0,0,0,0,0,0,1,0,0,0,0,0,0,1,0
3,29.0,0,0,7.775,S, Mr,0,0,0,0,0,0,0,0,0,0,0,0,1,0,0,0,0,0,0,1,0
3,22.0,0,0,7.775,S, Mr,0,0,0,0,0,0,0,0,0,0,0,0,1,0,0,0,0,0,0,1,0
3,22.0,0,0,7.225,C, Mr,0,0,0,0,0,0,0,0,0,0,0,0,1,0,0,0,0,0,0,0,1
3,29.881137667304014,3,1,25.4667,S, Master,0,0,0,0,0,0,0,0,1,0,0,0,0,0,0,0,0,0,0,1,0
3,29.881137667304014,3,1,25.4667,S, Miss,1,0,0,0,0,0,0,0,0,1,0,0,0,0,0,0,0,0,0,1,0
3,29.881137667304014,3,1,25.4667,S, Miss,1,0,0,0,0,0,0,0,0,1,0,0,0,0,0,0,0,0,0,1,0
3,29.881137667304014,3,1,25.4667,S, Miss,1,0,0,0,0,0,0,0,0,1,0,0,0,0,0,0,0,0,0,1,0
3,29.881137667304014,0,4,25.4667,S, Mrs,1,0,0,0,0,0,0,0,0,0,0,0,0,1,0,0,0,0,0,1,0
3,32.0,0,0,7.925,S, Mr,0,0,0,0,0,0,0,0,0,0,0,0,1,0,0,0,0,0,0,1,0
3,34.5,0,0,6.4375,C, Mr,0,0,0,0,0,0,0,0,0,0,0,0,1,0,0,0,0,0,0,0,0
3,29.881137667304014,1,0,15.5,Q, Miss,1,0,0,0,0,0,0,0,0,1,0,0,0,0,0,0,0,0,1,0,0
3,29.881137667304014,1,0,15.5,Q, Mr,0,0,0,0,0,0,0,0,0,0,0,0,1,0,0,0,0,0,1,0,0
3,36.0,0,0,0.0,S, Mr,0,0,0,0,0,0,0,0,0,0,0,0,1,0,0,0,0,0,0,1,0
3,39.0,0,0,24.15,S, Mr,0,0,0,0,0,0,0,0,0,0,0,0,1,0,0,0,0,0,0,1,0
3,24.0,0,0,9.5,S, Mr,0,0,0,0,0,0,0,0,0,0,0,0,1,0,0,0,0,0,0,1,0
3,25.0,0,0,7.775,S, Miss,1,0,0,0,0,0,0,0,0,1,0,0,0,0,0,0,0,0,0,1,0
3,45.0,0,0,7.75,S, Miss,1,0,0,0,0,0,0,0,0,1,0,0,0,0,0,0,0,0,0,1,0
3,36.0,1,0,15.55,S, Mr,0,0,0,0,0,0,0,0,0,0,0,0,1,0,0,0,0,0,0,1,0
3,30.0,1,0,15.55,S, Mrs,1,0,0,0,0,0,0,0,0,0,0,0,0,1,0,0,0,0,0,1,0
3,20.0,1,0,7.925,S, Mr,0,0,0,0,0,0,0,0,0,0,0,0,1,0,0,0,0,0,0,1,1
3,29.881137667304014,0,0,7.8792,Q, Mr,0,0,0,0,0,0,0,0,0,0,0,0,1,0,0,0,0,0,1,0,0
3,28.0,0,0,56.4958,S, Mr,0,0,0,0,0,0,0,0,0,0,0,0,1,0,0,0,0,0,0,1,0
3,29.881137667304014,0,0,7.55,S, Mr,0,0,0,0,0,0,0,0,0,0,0,0,1,0,0,0,0,0,0,1,0
3,30.0,1,0,16.1,S, Mr,0,0,0,0,0,0,0,0,0,0,0,0,1,0,0,0,0,0,0,1,0
3,26.0,1,0,16.1,S, Mrs,1,0,0,0,0,0,0,0,0,0,0,0,0,1,0,0,0,0,0,1,0
3,29.881137667304014,0,0,7.8792,S, Mr,0,0,0,0,0,0,0,0,0,0,0,0,1,0,0,0,0,0,0,1,0
3,20.5,0,0,7.25,S, Mr,0,0,0,0,0,0,0,0,0,0,0,0,1,0,0,0,0,0,0,1,0
3,27.0,0,0,8.6625,S, Mr,0,0,0,0,0,0,0,0,0,0,0,0,1,0,0,0,0,0,0,1,1
3,51.0,0,0,7.0542,S, Mr,0,0,0,0,0,0,0,0,0,0,0,0,1,0,0,0,0,0,0,1,0
3,23.0,0,0,7.8542,S, Miss,1,0,0,0,0,0,0,0,0,1,0,0,0,0,0,0,0,0,0,1,1
3,32.0,0,0,7.5792,S, Mr,0,0,0,0,0,0,0,0,0,0,0,0,1,0,0,0,0,0,0,1,1
3,29.881137667304014,0,0,7.8958,S, Mr,0,0,0,0,0,0,0,0,0,0,0,0,1,0,0,0,0,0,0,1,0
3,29.881137667304014,0,0,7.55,S, Mr,0,0,0,0,0,0,0,0,0,0,0,0,1,0,0,0,0,0,0,1,0
3,29.881137667304014,0,0,7.75,Q, Miss,1,0,0,0,0,0,0,0,0,1,0,0,0,0,0,0,0,0,1,0,1
3,24.0,0,0,7.1417,S, Mr,0,0,0,0,0,0,0,0,0,0,0,0,1,0,0,0,0,0,0,1,1
3,22.0,0,0,7.125,S, Mr,0,0,0,0,0,0,0,0,0,0,0,0,1,0,0,0,0,0,0,1,0
3,29.881137667304014,0,0,7.8792,Q, Miss,1,0,0,0,0,0,0,0,0,1,0,0,0,0,0,0,0,0,1,0,0
3,29.881137667304014,0,0,7.75,Q, Mr,0,0,0,0,0,0,0,0,0,0,0,0,1,0,0,0,0,0,1,0,0
3,29.881137667304014,0,0,8.05,S, Mr,0,0,0,0,0,0,0,0,0,0,0,0,1,0,0,0,0,0,0,1,0
3,29.0,0,0,7.925,S, Mr,0,0,0,0,0,0,0,0,0,0,0,0,1,0,0,0,0,0,0,1,0
3,29.881137667304014,0,0,7.2292,C, Mr,0,0,0,0,0,0,0,0,0,0,0,0,1,0,0,0,0,0,0,0,1
3,30.5,0,0,7.75,Q, Miss,1,0,0,0,0,0,0,0,0,1,0,0,0,0,0,0,0,0,1,0,0
3,29.881137667304014,0,0,7.7375,Q, Miss,1,0,0,0,0,0,0,0,0,1,0,0,0,0,0,0,0,0,1,0,1
3,29.881137667304014,0,0,7.2292,C, Mr,0,0,0,0,0,0,0,0,0,0,0,0,1,0,0,0,0,0,0,0,0
3,35.0,0,0,7.8958,C, Mr,0,0,0,0,0,0,0,0,0,0,0,0,1,0,0,0,0,0,0,0,0
3,33.0,0,0,7.8958,S, Mr,0,0,0,0,0,0,0,0,0,0,0,0,1,0,0,0,0,0,0,1,0
3,29.881137667304014,0,0,7.225,C, Mrs,1,0,0,0,0,0,0,0,0,0,0,0,0,1,0,0,0,0,0,0,1
3,29.881137667304014,0,0,7.8958,C, Mr,0,0,0,0,0,0,0,0,0,0,0,0,1,0,0,0,0,0,0,0,0
3,29.881137667304014,0,0,7.75,Q, Miss,1,0,0,0,0,0,0,0,0,1,0,0,0,0,0,0,0,0,1,0,1
3,29.881137667304014,0,0,7.75,Q, Mr,0,0,0,0,0,0,0,0,0,0,0,0,1,0,0,0,0,0,1,0,1
3,29.881137667304014,2,0,23.25,Q, Miss,1,0,0,0,0,0,0,0,0,1,0,0,0,0,0,0,0,0,1,0,1
3,29.881137667304014,2,0,23.25,Q, Miss,1,0,0,0,0,0,0,0,0,1,0,0,0,0,0,0,0,0,1,0,1
3,29.881137667304014,2,0,23.25,Q, Mr,0,0,0,0,0,0,0,0,0,0,0,0,1,0,0,0,0,0,1,0,1
3,29.881137667304014,0,0,7.7875,Q, Miss,1,0,0,0,0,0,0,0,0,1,0,0,0,0,0,0,0,0,1,0,1
3,29.881137667304014,0,0,15.5,Q, Mr,0,0,0,0,0,0,0,0,0,0,0,0,1,0,0,0,0,0,1,0,0
3,29.881137667304014,0,0,7.8792,Q, Miss,1,0,0,0,0,0,0,0,0,1,0,0,0,0,0,0,0,0,1,0,1
3,15.0,0,0,8.0292,Q, Miss,1,0,0,0,0,0,0,0,0,1,0,0,0,0,0,0,0,0,1,0,1
3,35.0,0,0,7.75,Q, Miss,1,0,0,0,0,0,0,0,0,1,0,0,0,0,0,0,0,0,1,0,0
3,29.881137667304014,0,0,7.75,Q, Mr,0,0,0,0,0,0,0,0,0,0,0,0,1,0,0,0,0,0,1,0,0
3,24.0,1,0,16.1,S, Mr,0,0,0,0,0,0,0,0,0,0,0,0,1,0,0,0,0,0,0,1,0
3,19.0,1,0,16.1,S, Mrs,1,0,0,0,0,0,0,0,0,0,0,0,0,1,0,0,0,0,0,1,0
3,29.881137667304014,0,0,7.75,Q, Miss,1,0,0,0,0,0,0,0,0,1,0,0,0,0,0,0,0,0,1,0,0
3,29.881137667304014,0,0,8.05,S, Miss,1,0,0,0,0,0,0,0,0,1,0,0,0,0,0,0,0,0,0,1,0
3,29.881137667304014,0,0,8.05,S, Mrs,1,0,0,0,0,0,0,0,0,0,0,0,0,1,0,0,0,0,0,1,0
3,55.5,0,0,8.05,S, Mr,0,0,0,0,0,0,0,0,0,0,0,0,1,0,0,0,0,0,0,1,0
3,29.881137667304014,0,0,7.75,Q, Mr,0,0,0,0,0,0,0,0,0,0,0,0,1,0,0,0,0,0,1,0,0
3,21.0,0,0,7.775,S, Mr,0,0,0,0,0,0,0,0,0,0,0,0,1,0,0,0,0,0,0,1,1
3,29.881137667304014,0,0,8.05,S, Mr,0,0,0,0,0,0,0,0,0,0,0,0,1,0,0,0,0,0,0,1,0
3,24.0,0,0,7.8958,S, Mr,0,0,0,0,0,0,0,0,0,0,0,0,1,0,0,0,0,0,0,1,0
3,21.0,0,0,7.8958,S, Mr,0,0,0,0,0,0,0,0,0,0,0,0,1,0,0,0,0,0,0,1,0
3,28.0,0,0,7.8958,S, Mr,0,0,0,0,0,0,0,0,0,0,0,0,1,0,0,0,0,0,0,1,0
3,29.881137667304014,0,0,7.8958,S, Mr,0,0,0,0,0,0,0,0,0,0,0,0,1,0,0,0,0,0,0,1,0
3,29.881137667304014,0,0,7.8792,Q, Miss,1,0,0,0,0,0,0,0,0,1,0,0,0,0,0,0,0,0,1,0,1
3,25.0,0,0,7.65,S, Mr,0,0,0,0,0,0,0,0,0,0,0,0,1,0,0,0,0,0,0,1,0
3,6.0,0,1,12.475,S, Master,0,0,0,0,0,0,0,0,1,0,0,0,0,0,0,0,0,0,0,1,1
3,27.0,0,1,12.475,S, Mrs,1,0,0,0,0,0,0,0,0,0,0,0,0,1,0,0,0,0,0,1,1
3,29.881137667304014,0,0,8.05,S, Mr,0,0,0,0,0,0,0,0,0,0,0,0,1,0,0,0,0,0,0,1,0
3,29.881137667304014,1,0,24.15,Q, Miss,1,0,0,0,0,0,0,0,0,1,0,0,0,0,0,0,0,0,1,0,1
3,29.881137667304014,1,0,24.15,Q, Mr,0,0,0,0,0,0,0,0,0,0,0,0,1,0,0,0,0,0,1,0,0
3,29.881137667304014,0,0,8.4583,Q, Mr,0,0,0,0,0,0,0,0,0,0,0,0,1,0,0,0,0,0,1,0,0
3,34.0,0,0,8.05,S, Mr,0,0,0,0,0,0,0,0,0,0,0,0,1,0,0,0,0,0,0,1,0
3,29.881137667304014,0,0,7.75,Q, Mr,0,0,0,0,0,0,0,0,0,0,0,0,1,0,0,0,0,0,1,0,0
3,29.881137667304014,0,0,7.775,S, Mr,0,0,0,0,0,0,0,0,0,0,0,0,1,0,0,0,0,0,0,1,1
3,29.881137667304014,1,1,15.2458,C, Master,0,0,0,0,0,0,0,0,1,0,0,0,0,0,0,0,0,0,0,0,1
3,29.881137667304014,1,1,15.2458,C, Master,0,0,0,0,0,0,0,0,1,0,0,0,0,0,0,0,0,0,0,0,1
3,29.881137667304014,0,2,15.2458,C, Mrs,1,0,0,0,0,0,0,0,0,0,0,0,0,1,0,0,0,0,0,0,1
3,29.881137667304014,0,0,7.2292,C, Mrs,1,0,0,0,0,0,0,0,0,0,0,0,0,1,0,0,0,0,0,0,1
3,29.881137667304014,0,0,8.05,S, Mr,0,0,0,0,0,0,0,0,0,0,0,0,1,0,0,0,0,0,0,1,0
3,29.881137667304014,0,0,7.7333,Q, Miss,1,0,0,0,0,0,0,0,0,1,0,0,0,0,0,0,0,0,1,0,1
3,24.0,0,0,7.75,Q, Miss,1,0,0,0,0,0,0,0,0,1,0,0,0,0,0,0,0,0,1,0,1
3,29.881137667304014,0,0,8.05,S, Mr,0,0,0,0,0,0,0,0,0,0,0,0,1,0,0,0,0,0,0,1,0
3,29.881137667304014,1,0,15.5,Q, Miss,1,0,0,0,0,0,0,0,0,1,0,0,0,0,0,0,0,0,1,0,1
3,29.881137667304014,1,0,15.5,Q, Miss,1,0,0,0,0,0,0,0,0,1,0,0,0,0,0,0,0,0,1,0,1
3,29.881137667304014,0,0,15.5,Q, Miss,1,0,0,0,0,0,0,0,0,1,0,0,0,0,0,0,0,0,1,0,1
3,18.0,0,0,7.75,S, Mr,0,0,0,0,0,0,0,0,0,0,0,0,1,0,0,0,0,0,0,1,0
3,22.0,0,0,7.8958,S, Mr,0,0,0,0,0,0,0,0,0,0,0,0,1,0,0,0,0,0,0,1,0
3,15.0,0,0,7.225,C, Miss,1,0,0,0,0,0,0,0,0,1,0,0,0,0,0,0,0,0,0,0,1
3,1.0,0,2,15.7417,C, Miss,1,0,0,0,0,0,0,0,0,1,0,0,0,0,0,0,0,0,0,0,1
3,20.0,1,1,15.7417,C, Mr,0,0,0,0,0,0,0,0,0,0,0,0,1,0,0,0,0,0,0,0,1
3,19.0,1,1,15.7417,C, Mrs,1,0,0,0,0,0,0,0,0,0,0,0,0,1,0,0,0,0,0,0,1
3,33.0,0,0,8.05,S, Mr,0,0,0,0,0,0,0,0,0,0,0,0,1,0,0,0,0,0,0,1,0
3,29.881137667304014,0,0,7.8958,S, Mr,0,0,0,0,0,0,0,0,0,0,0,0,1,0,0,0,0,0,0,1,0
3,29.881137667304014,0,0,7.2292,C, Mr,0,0,0,0,0,0,0,0,0,0,0,0,1,0,0,0,0,0,0,0,0
3,29.881137667304014,0,0,7.75,Q, Miss,1,0,0,0,0,0,0,0,0,1,0,0,0,0,0,0,0,0,1,0,0
3,29.881137667304014,0,0,7.8958,S, Mr,0,0,0,0,0,0,0,0,0,0,0,0,1,0,0,0,0,0,0,1,0
3,12.0,1,0,11.2417,C, Master,0,0,0,0,0,0,0,0,1,0,0,0,0,0,0,0,0,0,0,0,1
3,14.0,1,0,11.2417,C, Miss,1,0,0,0,0,0,0,0,0,1,0,0,0,0,0,0,0,0,0,0,1
3,29.0,0,0,7.925,S, Miss,1,0,0,0,0,0,0,0,0,1,0,0,0,0,0,0,0,0,0,1,0
3,28.0,0,0,8.05,S, Mr,0,0,0,0,0,0,0,0,0,0,0,0,1,0,0,0,0,0,0,1,0
3,18.0,0,0,7.775,S, Miss,1,0,0,0,0,0,0,0,0,1,0,0,0,0,0,0,0,0,0,1,1
3,26.0,0,0,7.8542,S, Miss,1,0,0,0,0,0,0,0,0,1,0,0,0,0,0,0,0,0,0,1,1
3,21.0,0,0,7.8542,S, Mr,0,0,0,0,0,0,0,0,0,0,0,0,1,0,0,0,0,0,0,1,0
3,41.0,0,0,7.125,S, Mr,0,0,0,0,0,0,0,0,0,0,0,0,1,0,0,0,0,0,0,1,0
3,39.0,0,0,7.925,S, Mr,0,0,0,0,0,0,0,0,0,0,0,0,1,0,0,0,0,0,0,1,1
3,21.0,0,0,7.8,S, Mr,0,0,0,0,0,0,0,0,0,0,0,0,1,0,0,0,0,0,0,1,0
3,28.5,0,0,7.2292,C, Mr,0,0,0,0,0,0,0,0,0,0,0,0,1,0,0,0,0,0,0,0,0
3,22.0,0,0,7.75,S, Miss,1,0,0,0,0,0,0,0,0,1,0,0,0,0,0,0,0,0,0,1,1
3,61.0,0,0,6.2375,S, Mr,0,0,0,0,0,0,0,0,0,0,0,0,1,0,0,0,0,0,0,1,0
3,29.881137667304014,1,0,15.5,Q, Mr,0,0,0,0,0,0,0,0,0,0,0,0,1,0,0,0,0,0,1,0,0
3,29.881137667304014,0,0,7.8292,Q, Mr,0,0,0,0,0,0,0,0,0,0,0,0,1,0,0,0,0,0,1,0,0
3,29.881137667304014,1,0,15.5,Q, Mrs,1,0,0,0,0,0,0,0,0,0,0,0,0,1,0,0,0,0,1,0,1
3,29.881137667304014,0,0,7.7333,Q, Mr,0,0,0,0,0,0,0,0,0,0,0,0,1,0,0,0,0,0,1,0,0
3,29.881137667304014,0,0,7.75,Q, Mr,0,0,0,0,0,0,0,0,0,0,0,0,1,0,0,0,0,0,1,0,0
3,29.881137667304014,0,0,7.75,Q, Mr,0,0,0,0,0,0,0,0,0,0,0,0,1,0,0,0,0,0,1,0,0
3,23.0,0,0,9.225,S, Mr,0,0,0,0,0,0,0,0,0,0,0,0,1,0,0,0,0,0,0,1,0
3,29.881137667304014,0,0,7.75,Q, Ms,1,0,0,0,0,0,0,0,0,0,0,0,0,0,1,0,0,0,1,0,0
3,29.881137667304014,0,0,7.75,Q, Miss,1,0,0,0,0,0,0,0,0,1,0,0,0,0,0,0,0,0,1,0,1
3,29.881137667304014,0,0,7.8792,Q, Miss,1,0,0,0,0,0,0,0,0,1,0,0,0,0,0,0,0,0,1,0,1
3,22.0,0,0,7.775,S, Miss,1,0,0,0,0,0,0,0,0,1,0,0,0,0,0,0,0,0,0,1,1
3,29.881137667304014,0,0,7.75,Q, Mr,0,0,0,0,0,0,0,0,0,0,0,0,1,0,0,0,0,0,1,0,1
3,29.881137667304014,0,0,7.8292,Q, Miss,1,0,0,0,0,0,0,0,0,1,0,0,0,0,0,0,0,0,1,0,1
3,9.0,0,1,3.1708,S, Master,0,0,0,0,0,0,0,0,1,0,0,0,0,0,0,0,0,0,0,1,1
3,28.0,0,0,22.525,S, Mr,0,0,0,0,0,0,0,0,0,0,0,0,1,0,0,0,0,0,0,1,0
3,42.0,0,1,8.4042,S, Mr,0,0,0,0,0,0,0,0,0,0,0,0,1,0,0,0,0,0,0,1,0
3,29.881137667304014,0,0,7.3125,S, Mr,0,0,0,0,0,0,0,0,0,0,0,0,1,0,0,0,0,0,0,1,0
3,31.0,0,0,7.8542,S, Miss,1,0,0,0,0,0,0,0,0,1,0,0,0,0,0,0,0,0,0,1,0
3,28.0,0,0,7.8542,S, Mr,0,0,0,0,0,0,0,0,0,0,0,0,1,0,0,0,0,0,0,1,0
3,32.0,0,0,7.775,S, Mr,0,0,0,0,0,0,0,0,0,0,0,0,1,0,0,0,0,0,0,1,1
3,20.0,0,0,9.225,S, Mr,0,0,0,0,0,0,0,0,0,0,0,0,1,0,0,0,0,0,0,1,0
3,23.0,0,0,8.6625,S, Miss,1,0,0,0,0,0,0,0,0,1,0,0,0,0,0,0,0,0,0,1,0
3,20.0,0,0,8.6625,S, Miss,1,0,0,0,0,0,0,0,0,1,0,0,0,0,0,0,0,0,0,1,0
3,20.0,0,0,8.6625,S, Mr,0,0,0,0,0,0,0,0,0,0,0,0,1,0,0,0,0,0,0,1,0
3,16.0,0,0,9.2167,S, Mr,0,0,0,0,0,0,0,0,0,0,0,0,1,0,0,0,0,0,0,1,0
3,31.0,0,0,8.6833,S, Mrs,1,0,0,0,0,0,0,0,0,0,0,0,0,1,0,0,0,0,0,1,1
3,29.881137667304014,0,0,7.6292,Q, Miss,1,0,0,0,0,0,0,0,0,1,0,0,0,0,0,0,0,0,1,0,0
3,2.0,3,1,21.075,S, Master,0,0,0,0,0,0,0,0,1,0,0,0,0,0,0,0,0,0,0,1,0
3,6.0,3,1,21.075,S, Master,0,0,0,0,0,0,0,0,1,0,0,0,0,0,0,0,0,0,0,1,0
3,3.0,3,1,21.075,S, Miss,1,0,0,0,0,0,0,0,0,1,0,0,0,0,0,0,0,0,0,1,0
3,8.0,3,1,21.075,S, Miss,1,0,0,0,0,0,0,0,0,1,0,0,0,0,0,0,0,0,0,1,0
3,29.0,0,4,21.075,S, Mrs,1,0,0,0,0,0,0,0,0,0,0,0,0,1,0,0,0,0,0,1,0
3,1.0,4,1,39.6875,S, Master,0,0,0,0,0,0,0,0,1,0,0,0,0,0,0,0,0,0,0,1,0
3,7.0,4,1,39.6875,S, Master,0,0,0,0,0,0,0,0,1,0,0,0,0,0,0,0,0,0,0,1,0
3,2.0,4,1,39.6875,S, Master,0,0,0,0,0,0,0,0,1,0,0,0,0,0,0,0,0,0,0,1,0
3,16.0,4,1,39.6875,S, Mr,0,0,0,0,0,0,0,0,0,0,0,0,1,0,0,0,0,0,0,1,0
3,14.0,4,1,39.6875,S, Mr,0,0,0,0,0,0,0,0,0,0,0,0,1,0,0,0,0,0,0,1,0
3,41.0,0,5,39.6875,S, Mrs,1,0,0,0,0,0,0,0,0,0,0,0,0,1,0,0,0,0,0,1,0
3,21.0,0,0,8.6625,S, Mr,0,0,0,0,0,0,0,0,0,0,0,0,1,0,0,0,0,0,0,1,0
3,19.0,0,0,14.5,S, Mr,0,0,0,0,0,0,0,0,0,0,0,0,1,0,0,0,0,0,0,1,0
3,29.881137667304014,0,0,8.7125,C, Mr,0,0,0,0,0,0,0,0,0,0,0,0,1,0,0,0,0,0,0,0,0
3,32.0,0,0,7.8958,S, Mr,0,0,0,0,0,0,0,0,0,0,0,0,1,0,0,0,0,0,0,1,0
3,0.75,1,1,13.775,S, Master,0,0,0,0,0,0,0,0,1,0,0,0,0,0,0,0,0,0,0,1,0
3,3.0,1,1,13.775,S, Miss,1,0,0,0,0,0,0,0,0,1,0,0,0,0,0,0,0,0,0,1,0
3,26.0,0,2,13.775,S, Mrs,1,0,0,0,0,0,0,0,0,0,0,0,0,1,0,0,0,0,0,1,0
3,29.881137667304014,0,0,7.0,S, Mr,0,0,0,0,0,0,0,0,0,0,0,0,1,0,0,0,0,0,0,1,0
3,29.881137667304014,0,0,7.775,S, Mr,0,0,0,0,0,0,0,0,0,0,0,0,1,0,0,0,0,0,0,1,0
3,29.881137667304014,0,0,8.05,S, Mr,0,0,0,0,0,0,0,0,0,0,0,0,1,0,0,0,0,0,0,1,0
3,21.0,0,0,7.925,S, Mr,0,0,0,0,0,0,0,0,0,0,0,0,1,0,0,0,0,0,0,1,0
3,25.0,0,0,7.925,S, Mr,0,0,0,0,0,0,0,0,0,0,0,0,1,0,0,0,0,0,0,1,0
3,22.0,0,0,7.25,S, Mr,0,0,0,0,0,0,0,0,0,0,0,0,1,0,0,0,0,0,0,1,0
3,25.0,1,0,7.775,S, Mr,0,0,0,0,0,0,0,0,0,0,0,0,1,0,0,0,0,0,0,1,1
3,29.881137667304014,1,1,22.3583,C, Master,0,0,0,0,0,0,0,0,1,0,0,0,0,0,0,0,0,0,0,0,1
3,29.881137667304014,1,1,22.3583,C, Miss,1,0,0,0,0,0,0,0,0,1,0,0,0,0,0,0,0,0,0,0,1
3,29.881137667304014,0,2,22.3583,C, Mrs,1,0,0,0,0,0,0,0,0,0,0,0,0,1,0,0,0,0,0,0,1
3,29.881137667304014,0,0,8.1375,Q, Miss,1,0,0,0,0,0,0,0,0,1,0,0,0,0,0,0,0,0,1,0,0
3,24.0,0,0,8.05,S, Mr,0,0,0,0,0,0,0,0,0,0,0,0,1,0,0,0,0,0,0,1,0
3,28.0,0,0,7.8958,S, Miss,1,0,0,0,0,0,0,0,0,1,0,0,0,0,0,0,0,0,0,1,0
3,19.0,0,0,7.8958,S, Mr,0,0,0,0,0,0,0,0,0,0,0,0,1,0,0,0,0,0,0,1,0
3,29.881137667304014,0,0,7.8958,S, Mr,0,0,0,0,0,0,0,0,0,0,0,0,1,0,0,0,0,0,0,1,0
3,25.0,1,0,7.775,S, Mr,0,0,0,0,0,0,0,0,0,0,0,0,1,0,0,0,0,0,0,1,0
3,18.0,0,0,7.775,S, Miss,1,0,0,0,0,0,0,0,0,1,0,0,0,0,0,0,0,0,0,1,0
3,32.0,0,0,8.05,S, Mr,0,0,0,0,0,0,0,0,0,0,0,0,1,0,0,0,0,0,0,1,1
3,29.881137667304014,0,0,7.8958,S, Mr,0,0,0,0,0,0,0,0,0,0,0,0,1,0,0,0,0,0,0,1,0
3,17.0,0,0,8.6625,S, Mr,0,0,0,0,0,0,0,0,0,0,0,0,1,0,0,0,0,0,0,1,0
3,24.0,0,0,8.6625,S, Mr,0,0,0,0,0,0,0,0,0,0,0,0,1,0,0,0,0,0,0,1,0
3,29.881137667304014,0,0,7.8958,S, Mr,0,0,0,0,0,0,0,0,0,0,0,0,1,0,0,0,0,0,0,1,0
3,29.881137667304014,0,0,8.1125,S, Mrs,1,0,0,0,0,0,0,0,0,0,0,0,0,1,0,0,0,0,0,1,0
3,29.881137667304014,0,0,7.2292,C, Mr,0,0,0,0,0,0,0,0,0,0,0,0,1,0,0,0,0,0,0,0,0
3,29.881137667304014,0,0,7.25,S, Mr,0,0,0,0,0,0,0,0,0,0,0,0,1,0,0,0,0,0,0,1,0
3,38.0,0,0,7.8958,S, Mr,0,0,0,0,0,0,0,0,0,0,0,0,1,0,0,0,0,0,0,1,0
3,21.0,0,0,8.05,S, Mr,0,0,0,0,0,0,0,0,0,0,0,0,1,0,0,0,0,0,0,1,0
3,10.0,4,1,29.125,Q, Master,0,0,0,0,0,0,0,0,1,0,0,0,0,0,0,0,0,0,1,0,0
3,4.0,4,1,29.125,Q, Master,0,0,0,0,0,0,0,0,1,0,0,0,0,0,0,0,0,0,1,0,0
3,7.0,4,1,29.125,Q, Master,0,0,0,0,0,0,0,0,1,0,0,0,0,0,0,0,0,0,1,0,0
3,2.0,4,1,29.125,Q, Master,0,0,0,0,0,0,0,0,1,0,0,0,0,0,0,0,0,0,1,0,0
3,8.0,4,1,29.125,Q, Master,0,0,0,0,0,0,0,0,1,0,0,0,0,0,0,0,0,0,1,0,0
3,39.0,0,5,29.125,Q, Mrs,1,0,0,0,0,0,0,0,0,0,0,0,0,1,0,0,0,0,1,0,0
3,22.0,0,0,39.6875,S, Miss,1,0,0,0,0,0,0,0,0,1,0,0,0,0,0,0,0,0,0,1,0
3,35.0,0,0,7.125,S, Mr,0,0,0,0,0,0,0,0,0,0,0,0,1,0,0,0,0,0,0,1,0
3,29.881137667304014,0,0,7.7208,Q, Miss,1,0,0,0,0,0,0,0,0,1,0,0,0,0,0,0,0,0,1,0,1
3,29.881137667304014,0,0,14.5,S, Mr,0,0,0,0,0,0,0,0,0,0,0,0,1,0,0,0,0,0,0,1,0
3,29.881137667304014,0,0,14.5,S, Mrs,1,0,0,0,0,0,0,0,0,0,0,0,0,1,0,0,0,0,0,1,0
3,50.0,1,0,14.5,S, Mr,0,0,0,0,0,0,0,0,0,0,0,0,1,0,0,0,0,0,0,1,0
3,47.0,1,0,14.5,S, Mrs,1,0,0,0,0,0,0,0,0,0,0,0,0,1,0,0,0,0,0,1,0
3,29.881137667304014,0,0,8.05,S, Mr,0,0,0,0,0,0,0,0,0,0,0,0,1,0,0,0,0,0,0,1,0
3,29.881137667304014,0,0,7.775,S, Mr,0,0,0,0,0,0,0,0,0,0,0,0,1,0,0,0,0,0,0,1,0
3,2.0,1,1,20.2125,S, Miss,1,0,0,0,0,0,0,0,0,1,0,0,0,0,0,0,0,0,0,1,0
3,18.0,1,1,20.2125,S, Mr,0,0,0,0,0,0,0,0,0,0,0,0,1,0,0,0,0,0,0,1,0
3,41.0,0,2,20.2125,S, Mrs,1,0,0,0,0,0,0,0,0,0,0,0,0,1,0,0,0,0,0,1,0
3,29.881137667304014,0,0,8.05,S, Miss,1,0,0,0,0,0,0,0,0,1,0,0,0,0,0,0,0,0,0,1,1
3,50.0,0,0,8.05,S, Mr,0,0,0,0,0,0,0,0,0,0,0,0,1,0,0,0,0,0,0,1,0
3,16.0,0,0,8.05,S, Mr,0,0,0,0,0,0,0,0,0,0,0,0,1,0,0,0,0,0,0,1,0
3,29.881137667304014,0,0,7.75,Q, Mr,0,0,0,0,0,0,0,0,0,0,0,0,1,0,0,0,0,0,1,0,1
3,29.881137667304014,0,0,24.15,Q, Mr,0,0,0,0,0,0,0,0,0,0,0,0,1,0,0,0,0,0,1,0,0
3,29.881137667304014,0,0,7.2292,C, Mr,0,0,0,0,0,0,0,0,0,0,0,0,1,0,0,0,0,0,0,0,0
3,25.0,0,0,7.225,C, Mr,0,0,0,0,0,0,0,0,0,0,0,0,1,0,0,0,0,0,0,0,0
3,29.881137667304014,0,0,7.225,C, Mr,0,0,0,0,0,0,0,0,0,0,0,0,1,0,0,0,0,0,0,0,0
3,29.881137667304014,0,0,7.7292,Q, Mr,0,0,0,0,0,0,0,0,0,0,0,0,1,0,0,0,0,0,1,0,0
3,29.881137667304014,0,0,7.575,S, Mr,0,0,0,0,0,0,0,0,0,0,0,0,1,0,0,0,0,0,0,1,0
3,38.5,0,0,7.25,S, Mr,0,0,0,0,0,0,0,0,0,0,0,0,1,0,0,0,0,0,0,1,0
3,29.881137667304014,8,2,69.55,S, Master,0,0,0,0,0,0,0,0,1,0,0,0,0,0,0,0,0,0,0,1,0
3,14.5,8,2,69.55,S, Master,0,0,0,0,0,0,0,0,1,0,0,0,0,0,0,0,0,0,0,1,0
3,29.881137667304014,8,2,69.55,S, Miss,1,0,0,0,0,0,0,0,0,1,0,0,0,0,0,0,0,0,0,1,0
3,29.881137667304014,8,2,69.55,S, Miss,1,0,0,0,0,0,0,0,0,1,0,0,0,0,0,0,0,0,0,1,0
3,29.881137667304014,8,2,69.55,S, Miss,1,0,0,0,0,0,0,0,0,1,0,0,0,0,0,0,0,0,0,1,0
3,29.881137667304014,8,2,69.55,S, Miss,1,0,0,0,0,0,0,0,0,1,0,0,0,0,0,0,0,0,0,1,0
3,29.881137667304014,8,2,69.55,S, Mr,0,0,0,0,0,0,0,0,0,0,0,0,1,0,0,0,0,0,0,1,0
3,29.881137667304014,8,2,69.55,S, Mr,0,0,0,0,0,0,0,0,0,0,0,0,1,0,0,0,0,0,0,1,0
3,29.881137667304014,8,2,69.55,S, Mr,0,0,0,0,0,0,0,0,0,0,0,0,1,0,0,0,0,0,0,1,0
3,29.881137667304014,1,9,69.55,S, Mr,0,0,0,0,0,0,0,0,0,0,0,0,1,0,0,0,0,0,0,1,0
3,29.881137667304014,1,9,69.55,S, Mrs,1,0,0,0,0,0,0,0,0,0,0,0,0,1,0,0,0,0,0,1,0
3,24.0,0,0,9.325,S, Mr,0,0,0,0,0,0,0,0,0,0,0,0,1,0,0,0,0,0,0,1,0
3,21.0,0,0,7.65,S, Miss,1,0,0,0,0,0,0,0,0,1,0,0,0,0,0,0,0,0,0,1,1
3,39.0,0,0,7.925,S, Mr,0,0,0,0,0,0,0,0,0,0,0,0,1,0,0,0,0,0,0,1,0
3,29.881137667304014,2,0,21.6792,C, Mr,0,0,0,0,0,0,0,0,0,0,0,0,1,0,0,0,0,0,0,0,0
3,29.881137667304014,2,0,21.6792,C, Mr,0,0,0,0,0,0,0,0,0,0,0,0,1,0,0,0,0,0,0,0,0
3,29.881137667304014,2,0,21.6792,C, Mr,0,0,0,0,0,0,0,0,0,0,0,0,1,0,0,0,0,0,0,0,0
3,1.0,1,1,16.7,S, Miss,1,0,0,0,0,0,0,0,0,1,0,0,0,0,0,0,0,0,0,1,1
3,24.0,0,2,16.7,S, Mrs,1,0,0,0,0,0,0,0,0,0,0,0,0,1,0,0,0,0,0,1,1
3,4.0,1,1,16.7,S, Miss,1,0,0,0,0,0,0,0,0,1,0,0,0,0,0,0,0,0,0,1,1
3,25.0,0,0,9.5,S, Mr,0,0,0,0,0,0,0,0,0,0,0,0,1,0,0,0,0,0,0,1,1
3,20.0,0,0,8.05,S, Mr,0,0,0,0,0,0,0,0,0,0,0,0,1,0,0,0,0,0,0,1,0
3,24.5,0,0,8.05,S, Mr,0,0,0,0,0,0,0,0,0,0,0,0,1,0,0,0,0,0,0,1,0
3,29.881137667304014,0,0,7.725,Q, Mr,0,0,0,0,0,0,0,0,0,0,0,0,1,0,0,0,0,0,1,0,0
3,29.881137667304014,0,0,7.8958,S, Mr,0,0,0,0,0,0,0,0,0,0,0,0,1,0,0,0,0,0,0,1,0
3,29.881137667304014,0,0,7.75,Q, Mr,0,0,0,0,0,0,0,0,0,0,0,0,1,0,0,0,0,0,1,0,0
3,29.0,0,0,9.5,S, Mr,0,0,0,0,0,0,0,0,0,0,0,0,1,0,0,0,0,0,0,1,1
3,29.881137667304014,0,0,15.1,S, Mr,0,0,0,0,0,0,0,0,0,0,0,0,1,0,0,0,0,0,0,1,0
3,29.881137667304014,0,0,7.7792,Q, Miss,1,0,0,0,0,0,0,0,0,1,0,0,0,0,0,0,0,0,1,0,1
3,29.881137667304014,0,0,8.05,S, Mr,0,0,0,0,0,0,0,0,0,0,0,0,1,0,0,0,0,0,0,1,0
3,29.881137667304014,0,0,8.05,S, Mr,0,0,0,0,0,0,0,0,0,0,0,0,1,0,0,0,0,0,0,1,0
3,22.0,0,0,7.2292,C, Mr,0,0,0,0,0,0,0,0,0,0,0,0,1,0,0,0,0,0,0,0,0
3,29.881137667304014,0,0,8.05,S, Mr,0,0,0,0,0,0,0,0,0,0,0,0,1,0,0,0,0,0,0,1,0
3,40.0,0,0,7.8958,S, Mr,0,0,0,0,0,0,0,0,0,0,0,0,1,0,0,0,0,0,0,1,0
3,21.0,0,0,7.925,S, Mr,0,0,0,0,0,0,0,0,0,0,0,0,1,0,0,0,0,0,0,1,0
3,18.0,0,0,7.4958,S, Miss,1,0,0,0,0,0,0,0,0,1,0,0,0,0,0,0,0,0,0,1,1
3,4.0,3,2,27.9,S, Master,0,0,0,0,0,0,0,0,1,0,0,0,0,0,0,0,0,0,0,1,0
3,10.0,3,2,27.9,S, Master,0,0,0,0,0,0,0,0,1,0,0,0,0,0,0,0,0,0,0,1,0
3,9.0,3,2,27.9,S, Miss,1,0,0,0,0,0,0,0,0,1,0,0,0,0,0,0,0,0,0,1,0
3,2.0,3,2,27.9,S, Miss,1,0,0,0,0,0,0,0,0,1,0,0,0,0,0,0,0,0,0,1,0
3,40.0,1,4,27.9,S, Mr,0,0,0,0,0,0,0,0,0,0,0,0,1,0,0,0,0,0,0,1,0
3,45.0,1,4,27.9,S, Mrs,1,0,0,0,0,0,0,0,0,0,0,0,0,1,0,0,0,0,0,1,0
3,29.881137667304014,0,0,7.8958,S, Mr,0,0,0,0,0,0,0,0,0,0,0,0,1,0,0,0,0,0,0,1,0
3,29.881137667304014,0,0,8.05,S, Mr,0,0,0,0,0,0,0,0,0,0,0,0,1,0,0,0,0,0,0,1,0
3,29.881137667304014,0,0,8.6625,S, Mr,0,0,0,0,0,0,0,0,0,0,0,0,1,0,0,0,0,0,0,1,0
3,29.881137667304014,0,0,7.75,Q, Mr,0,0,0,0,0,0,0,0,0,0,0,0,1,0,0,0,0,0,1,0,0
3,29.881137667304014,0,0,7.7333,Q, Miss,1,0,0,0,0,0,0,0,0,1,0,0,0,0,0,0,0,0,1,0,1
3,19.0,0,0,7.65,S, Mr,0,0,0,0,0,0,0,0,0,0,0,0,1,0,0,0,0,0,0,1,0
3,30.0,0,0,8.05,S, Mr,0,0,0,0,0,0,0,0,0,0,0,0,1,0,0,0,0,0,0,1,0
3,29.881137667304014,0,0,8.05,S, Mr,0,0,0,0,0,0,0,0,0,0,0,0,1,0,0,0,0,0,0,1,0
3,32.0,0,0,8.05,S, Mr,0,0,0,0,0,0,0,0,0,0,0,0,1,0,0,0,0,0,0,1,0
3,29.881137667304014,0,0,7.8958,S, Mr,0,0,0,0,0,0,0,0,0,0,0,0,1,0,0,0,0,0,0,1,0
3,33.0,0,0,8.6625,C, Mr,0,0,0,0,0,0,0,0,0,0,0,0,1,0,0,0,0,0,0,0,0
3,23.0,0,0,7.55,S, Miss,1,0,0,0,0,0,0,0,0,1,0,0,0,0,0,0,0,0,0,1,1
3,21.0,0,0,8.05,S, Mr,0,0,0,0,0,0,0,0,0,0,0,0,1,0,0,0,0,0,0,1,0
3,60.5,0,0,33.29547928134557,S, Mr,0,0,0,0,0,0,0,0,0,0,0,0,1,0,0,0,0,0,0,1,0
3,19.0,0,0,7.8958,S, Mr,0,0,0,0,0,0,0,0,0,0,0,0,1,0,0,0,0,0,0,1,0
3,22.0,0,0,9.8375,S, Miss,1,0,0,0,0,0,0,0,0,1,0,0,0,0,0,0,0,0,0,1,0
3,31.0,0,0,7.925,S, Mr,0,0,0,0,0,0,0,0,0,0,0,0,1,0,0,0,0,0,0,1,1
3,27.0,0,0,8.6625,S, Mr,0,0,0,0,0,0,0,0,0,0,0,0,1,0,0,0,0,0,0,1,0
3,2.0,0,1,10.4625,S, Miss,1,0,0,0,0,0,0,0,0,1,0,0,0,0,0,0,0,0,0,1,0
3,29.0,1,1,10.4625,S, Mrs,1,0,0,0,0,0,0,0,0,0,0,0,0,1,0,0,0,0,0,1,0
3,16.0,0,0,8.05,S, Mr,0,0,0,0,0,0,0,0,0,0,0,0,1,0,0,0,0,0,0,1,1
3,44.0,0,0,7.925,S, Mr,0,0,0,0,0,0,0,0,0,0,0,0,1,0,0,0,0,0,0,1,1
3,25.0,0,0,7.05,S, Mr,0,0,0,0,0,0,0,0,0,0,0,0,1,0,0,0,0,0,0,1,0
3,74.0,0,0,7.775,S, Mr,0,0,0,0,0,0,0,0,0,0,0,0,1,0,0,0,0,0,0,1,0
3,14.0,0,0,9.225,S, Mr,0,0,0,0,0,0,0,0,0,0,0,0,1,0,0,0,0,0,0,1,1
3,24.0,0,0,7.7958,S, Mr,0,0,0,0,0,0,0,0,0,0,0,0,1,0,0,0,0,0,0,1,0
3,25.0,0,0,7.7958,S, Mr,0,0,0,0,0,0,0,0,0,0,0,0,1,0,0,0,0,0,0,1,1
3,34.0,0,0,8.05,S, Mr,0,0,0,0,0,0,0,0,0,0,0,0,1,0,0,0,0,0,0,1,0
3,0.42,0,1,8.5167,C, Master,0,0,0,0,0,0,0,0,1,0,0,0,0,0,0,0,0,0,0,0,1
3,29.881137667304014,1,0,6.4375,C, Mr,0,0,0,0,0,0,0,0,0,0,0,0,1,0,0,0,0,0,0,0,0
3,29.881137667304014,0,0,6.4375,C, Mr,0,0,0,0,0,0,0,0,0,0,0,0,1,0,0,0,0,0,0,0,0
3,29.881137667304014,0,0,7.225,C, Mr,0,0,0,0,0,0,0,0,0,0,0,0,1,0,0,0,0,0,0,0,0
3,16.0,1,1,8.5167,C, Mrs,1,0,0,0,0,0,0,0,0,0,0,0,0,1,0,0,0,0,0,0,1
3,29.881137667304014,0,0,8.05,S, Mr,0,0,0,0,0,0,0,0,0,0,0,0,1,0,0,0,0,0,0,1,0
3,29.881137667304014,1,0,16.1,S, Mr,0,0,0,0,0,0,0,0,0,0,0,0,1,0,0,0,0,0,0,1,0
3,29.881137667304014,1,0,16.1,S, Mrs,1,0,0,0,0,0,0,0,0,0,0,0,0,1,0,0,0,0,0,1,1
3,32.0,0,0,7.925,S, Mr,0,0,0,0,0,0,0,0,0,0,0,0,1,0,0,0,0,0,0,1,0
3,29.881137667304014,0,0,7.75,Q, Mr,0,0,0,0,0,0,0,0,0,0,0,0,1,0,0,0,0,0,1,0,0
3,29.881137667304014,0,0,7.8958,S, Mr,0,0,0,0,0,0,0,0,0,0,0,0,1,0,0,0,0,0,0,1,0
3,30.5,0,0,8.05,S, Mr,0,0,0,0,0,0,0,0,0,0,0,0,1,0,0,0,0,0,0,1,0
3,44.0,0,0,8.05,S, Mr,0,0,0,0,0,0,0,0,0,0,0,0,1,0,0,0,0,0,0,1,0
3,29.881137667304014,0,0,7.2292,C, Mr,0,0,0,0,0,0,0,0,0,0,0,0,1,0,0,0,0,0,0,0,0
3,25.0,0,0,0.0,S, Mr,0,0,0,0,0,0,0,0,0,0,0,0,1,0,0,0,0,0,0,1,1
3,29.881137667304014,0,0,7.2292,C, Mr,0,0,0,0,0,0,0,0,0,0,0,0,1,0,0,0,0,0,0,0,0
3,7.0,1,1,15.2458,C, Master,0,0,0,0,0,0,0,0,1,0,0,0,0,0,0,0,0,0,0,0,1
3,9.0,1,1,15.2458,C, Miss,1,0,0,0,0,0,0,0,0,1,0,0,0,0,0,0,0,0,0,0,1
3,29.0,0,2,15.2458,C, Mrs,1,0,0,0,0,0,0,0,0,0,0,0,0,1,0,0,0,0,0,0,1
3,36.0,0,0,7.8958,S, Mr,0,0,0,0,0,0,0,0,0,0,0,0,1,0,0,0,0,0,0,1,0
3,18.0,0,0,9.8417,S, Miss,1,0,0,0,0,0,0,0,0,1,0,0,0,0,0,0,0,0,0,1,1
3,63.0,0,0,9.5875,S, Mrs,1,0,0,0,0,0,0,0,0,0,0,0,0,1,0,0,0,0,0,1,1
3,29.881137667304014,1,1,14.5,S, Master,0,0,0,0,0,0,0,0,1,0,0,0,0,0,0,0,0,0,0,1,0
3,11.5,1,1,14.5,S, Master,0,0,0,0,0,0,0,0,1,0,0,0,0,0,0,0,0,0,0,1,0
3,40.5,0,2,14.5,S, Mr,0,0,0,0,0,0,0,0,0,0,0,0,1,0,0,0,0,0,0,1,0
3,10.0,0,2,24.15,S, Miss,1,0,0,0,0,0,0,0,0,1,0,0,0,0,0,0,0,0,0,1,0
3,36.0,1,1,24.15,S, Mr,0,0,0,0,0,0,0,0,0,0,0,0,1,0,0,0,0,0,0,1,0
3,30.0,1,1,24.15,S, Mrs,1,0,0,0,0,0,0,0,0,0,0,0,0,1,0,0,0,0,0,1,0
3,29.881137667304014,0,0,9.5,S, Mr,0,0,0,0,0,0,0,0,0,0,0,0,1,0,0,0,0,0,0,1,0
3,33.0,0,0,9.5,S, Mr,0,0,0,0,0,0,0,0,0,0,0,0,1,0,0,0,0,0,0,1,0
3,28.0,0,0,9.5,S, Mr,0,0,0,0,0,0,0,0,0,0,0,0,1,0,0,0,0,0,0,1,0
3,28.0,0,0,9.5,S, Mr,0,0,0,0,0,0,0,0,0,0,0,0,1,0,0,0,0,0,0,1,0
3,47.0,0,0,9.0,S, Mr,0,0,0,0,0,0,0,0,0,0,0,0,1,0,0,0,0,0,0,1,0
3,18.0,2,0,18.0,S, Miss,1,0,0,0,0,0,0,0,0,1,0,0,0,0,0,0,0,0,0,1,0
3,31.0,3,0,18.0,S, Mr,0,0,0,0,0,0,0,0,0,0,0,0,1,0,0,0,0,0,0,1,0
3,16.0,2,0,18.0,S, Mr,0,0,0,0,0,0,0,0,0,0,0,0,1,0,0,0,0,0,0,1,0
3,31.0,1,0,18.0,S, Mrs,1,0,0,0,0,0,0,0,0,0,0,0,0,1,0,0,0,0,0,1,0
3,22.0,0,0,7.225,C, Mr,0,0,0,0,0,0,0,0,0,0,0,0,1,0,0,0,0,0,0,0,1
3,20.0,0,0,7.8542,S, Mr,0,0,0,0,0,0,0,0,0,0,0,0,1,0,0,0,0,0,0,1,0
3,14.0,0,0,7.8542,S, Miss,1,0,0,0,0,0,0,0,0,1,0,0,0,0,0,0,0,0,0,1,0
3,22.0,0,0,7.8958,S, Mr,0,0,0,0,0,0,0,0,0,0,0,0,1,0,0,0,0,0,0,1,0
3,22.0,0,0,9.0,S, Mr,0,0,0,0,0,0,0,0,0,0,0,0,1,0,0,0,0,0,0,1,0
3,29.881137667304014,0,0,8.05,S, Mr,0,0,0,0,0,0,0,0,0,0,0,0,1,0,0,0,0,0,0,1,0
3,29.881137667304014,0,0,7.55,S, Mr,0,0,0,0,0,0,0,0,0,0,0,0,1,0,0,0,0,0,0,1,0
3,29.881137667304014,0,0,8.05,S, Mr,0,0,0,0,0,0,0,0,0,0,0,0,1,0,0,0,0,0,0,1,0
3,32.5,0,0,9.5,S, Mr,0,0,0,0,0,0,0,0,0,0,0,0,1,0,0,0,0,0,0,1,0
3,38.0,0,0,7.2292,C, Mrs,1,0,0,0,0,0,0,0,0,0,0,0,0,1,0,0,0,0,0,0,1
3,51.0,0,0,7.75,S, Mr,0,0,0,0,0,0,0,0,0,0,0,0,1,0,0,0,0,0,0,1,0
3,18.0,1,0,6.4958,S, Mr,0,0,0,0,0,0,0,0,0,0,0,0,1,0,0,0,0,0,0,1,0
3,21.0,1,0,6.4958,S, Mr,0,0,0,0,0,0,0,0,0,0,0,0,1,0,0,0,0,0,0,1,0
3,47.0,1,0,7.0,S, Mrs,1,0,0,0,0,0,0,0,0,0,0,0,0,1,0,0,0,0,0,1,1
3,29.881137667304014,0,0,8.7125,S, Mr,0,0,0,0,0,0,0,0,0,0,0,0,1,0,0,0,0,0,0,1,0
3,29.881137667304014,0,0,7.55,S, Mr,0,0,0,0,0,0,0,0,0,0,0,0,1,0,0,0,0,0,0,1,0
3,29.881137667304014,0,0,8.05,S, Mr,0,0,0,0,0,0,0,0,0,0,0,0,1,0,0,0,0,0,0,1,0
3,28.5,0,0,16.1,S, Mr,0,0,0,0,0,0,0,0,0,0,0,0,1,0,0,0,0,0,0,1,0
3,21.0,0,0,7.25,S, Mr,0,0,0,0,0,0,0,0,0,0,0,0,1,0,0,0,0,0,0,1,0
3,27.0,0,0,8.6625,S, Mr,0,0,0,0,0,0,0,0,0,0,0,0,1,0,0,0,0,0,0,1,0
3,29.881137667304014,0,0,7.25,S, Mr,0,0,0,0,0,0,0,0,0,0,0,0,1,0,0,0,0,0,0,1,0
3,36.0,0,0,9.5,S, Mr,0,0,0,0,0,0,0,0,0,0,0,0,1,0,0,0,0,0,0,1,0
3,27.0,1,0,14.4542,C, Mr,0,0,0,0,0,0,0,0,0,0,0,0,1,0,0,0,0,0,0,0,0
3,15.0,1,0,14.4542,C, Mrs,1,0,0,0,0,0,0,0,0,0,0,0,0,1,0,0,0,0,0,0,1
3,45.5,0,0,7.225,C, Mr,0,0,0,0,0,0,0,0,0,0,0,0,1,0,0,0,0,0,0,0,0
3,29.881137667304014,0,0,7.225,C, Mr,0,0,0,0,0,0,0,0,0,0,0,0,1,0,0,0,0,0,0,0,0
3,29.881137667304014,0,0,14.4583,C, Mr,0,0,0,0,0,0,0,0,0,0,0,0,1,0,0,0,0,0,0,0,0
3,14.5,1,0,14.4542,C, Miss,1,0,0,0,0,0,0,0,0,1,0,0,0,0,0,0,0,0,0,0,0
3,29.881137667304014,1,0,14.4542,C, Miss,1,0,0,0,0,0,0,0,0,1,0,0,0,0,0,0,0,0,0,0,0
3,26.5,0,0,7.225,C, Mr,0,0,0,0,0,0,0,0,0,0,0,0,1,0,0,0,0,0,0,0,0
3,27.0,0,0,7.225,C, Mr,0,0,0,0,0,0,0,0,0,0,0,0,1,0,0,0,0,0,0,0,0
3,29.0,0,0,7.875,S, Mr,0,0,0,0,0,0,0,0,0,0,0,0,1,0,0,0,0,0,0,1,0
